,DTYYYYMMDD,BID,BVH,CII,CTG,DPM,FLC,FPT,GAS,GMD,HAG,HCM,HNG,HPG,HSG,ITA,KBC,KDC,MBB,MSN,MWG,NT2,PPC,PVD,REE,SBT,SSI,STB,VCB,VIC,VNM
0,20170120,15.87,58.29,29.97,17.26,19.36,4.29,26.7,51.06,20.2,5.09,11.92,6.4,14.47,21.3,3.9,12.96,32.6,9.33,41.0,57.52,19.51,11.66,18.37,21.94,22.27,17.98,9.5,36.4,34.71,95.71
1,20170119,15.68,58.2,29.73,17.02,19.36,4.26,26.46,50.45,20.27,4.97,11.99,6.26,14.22,20.64,3.9,12.64,32.51,9.33,41.33,56.8,19.34,11.8,18.27,22.07,22.0,17.98,9.59,36.4,34.71,94.96
2,20170118,15.68,58.2,29.73,16.68,19.6,4.28,26.46,50.45,20.49,4.96,12.05,6.27,14.27,20.9,3.98,12.73,32.95,9.39,41.67,56.98,19.37,12.19,18.55,22.07,22.27,18.2,9.45,36.68,34.79,94.96
3,20170117,16.01,59.34,30.86,17.02,19.56,4.26,26.82,49.83,20.63,5.06,12.05,6.36,14.4,21.65,3.98,12.73,33.39,9.49,41.8,56.98,19.44,11.8,18.96,21.43,22.27,18.38,9.24,37.31,35.25,95.03
4,20170116,15.06,58.96,30.61,15.91,20.01,4.25,26.58,50.98,20.67,5.08,12.01,6.37,14.4,21.73,4.02,12.73,33.3,9.16,41.8,57.16,19.51,11.66,19.09,21.43,22.27,18.2,8.96,35.77,35.41,95.34
5,20170113,15.48,59.34,31.11,16.0,20.42,4.37,27.12,52.38,20.96,5.08,12.2,6.3,14.82,22.08,4.07,13.34,32.6,9.23,41.8,57.52,19.64,11.53,19.37,21.51,22.73,18.29,8.95,35.87,35.79,95.64
6,20170112,15.72,59.82,30.12,16.28,19.97,4.37,27.75,53.17,20.78,5.21,12.09,6.5,14.97,22.39,4.08,13.39,31.46,9.29,41.8,57.7,19.27,11.8,19.64,21.43,22.27,18.25,9.04,36.3,35.54,95.71
7,20170111,15.82,58.29,31.5,16.37,18.78,4.39,27.84,53.09,20.71,5.18,11.94,6.43,15.09,22.65,4.09,13.48,31.46,9.23,42.2,57.7,19.11,11.94,19.37,21.17,22.64,18.11,9.03,36.83,35.54,95.71
8,20170110,15.34,58.2,31.3,15.63,18.9,4.42,27.78,52.73,19.8,5.22,12.01,6.26,15.04,22.3,4.1,13.34,31.33,9.19,42.47,56.69,18.5,11.8,19.27,20.74,22.64,18.16,9.0,36.78,35.45,95.03
9,20170109,15.44,58.96,31.79,15.82,18.45,4.38,27.3,53.17,19.98,5.23,12.18,6.24,14.8,22.17,4.11,13.24,31.64,9.19,41.73,56.51,18.5,11.66,19.55,21.34,22.73,18.29,8.99,37.07,35.7,94.96
10,20170106,15.01,58.77,30.56,15.4,18.08,4.42,27.15,53.09,19.98,5.36,12.22,6.36,14.88,22.26,4.18,13.48,31.2,9.23,42.13,56.9,18.4,11.32,19.37,21.43,22.82,18.11,8.78,36.3,35.62,94.96
11,20170105,14.67,58.48,29.63,15.26,18.33,4.4,27.24,54.05,19.47,5.4,12.11,6.48,15.12,23.31,4.15,13.57,31.46,9.06,42.07,56.9,18.4,11.84,19.41,21.68,22.91,17.94,8.58,35.58,34.96,95.49
12,20170104,14.72,57.53,29.87,15.17,18.45,4.41,27.33,54.05,19.4,5.5,12.05,6.64,15.09,22.52,3.94,13.2,31.99,9.12,42.33,56.72,18.5,11.87,19.46,21.43,23.09,17.89,8.2,35.44,34.75,95.64
13,20170103,14.44,56.76,29.43,14.89,18.25,4.5,27.09,52.82,19.44,5.35,12.14,6.33,15.09,22.43,3.94,13.06,31.99,9.23,41.6,56.51,18.37,11.8,18.91,21.43,23.64,17.89,8.79,35.68,34.38,95.49
14,20161230,13.53,55.71,27.71,13.92,18.33,4.47,26.58,53.26,19.55,5.35,11.66,6.2,14.8,22.26,3.99,12.96,31.77,9.39,41.22,56.25,18.37,11.6,18.82,21.13,22.27,17.49,9.45,33.95,34.71,94.66
15,20161229,13.63,56.09,27.61,13.88,18.54,4.41,26.24,52.47,19.37,5.36,11.75,6.16,14.82,22.61,4.0,12.92,31.64,8.99,40.64,57.34,18.33,11.49,18.37,21.08,22.82,17.58,9.4,33.95,34.63,96.92
16,20161228,13.77,55.99,27.81,14.06,18.49,4.52,26.33,52.65,19.08,5.36,11.69,6.16,14.95,22.56,3.94,12.82,31.03,8.92,40.52,57.41,18.43,11.25,18.27,21.08,22.91,17.62,9.1,34.1,34.38,94.96
17,20161227,13.82,56.76,27.71,14.06,18.62,4.23,26.06,52.73,19.18,5.35,11.66,6.11,14.8,21.99,3.71,12.87,30.5,8.89,41.34,57.52,18.5,11.31,18.73,21.17,23.18,17.36,8.6,34.48,34.96,94.21
18,20161226,13.91,56.66,27.66,14.01,18.7,4.21,25.79,53.7,19.08,5.46,11.51,6.25,15.02,22.65,3.63,12.92,29.72,8.82,41.54,57.3,18.63,11.31,19.27,20.53,22.27,17.49,8.35,34.58,34.71,92.32
19,20161223,13.91,57.05,27.42,14.06,18.66,4.21,25.76,54.49,19.11,5.51,11.41,6.4,14.73,22.43,3.73,12.68,29.72,8.86,41.54,55.82,18.5,11.31,19.41,20.57,23.18,17.31,8.34,34.1,34.79,93.45
20,20161222,13.91,56.57,27.37,13.97,18.82,4.21,25.7,55.81,19.11,5.53,11.53,6.4,14.58,22.56,3.6,12.5,28.84,8.89,41.54,55.89,18.5,11.25,19.5,20.48,23.54,17.31,8.2,33.43,34.71,92.77
21,20161221,14.2,57.53,27.37,14.06,18.78,4.35,25.67,55.11,19.26,5.61,11.75,6.68,14.37,22.52,3.54,12.54,29.72,8.92,39.69,56.15,18.87,11.55,19.87,20.7,24.09,17.44,8.26,33.47,34.21,95.03
22,20161220,14.06,56.57,27.51,14.11,18.86,4.36,25.7,53.92,19.47,5.64,11.7,6.68,14.16,21.36,3.69,12.92,29.8,8.92,39.37,55.75,18.5,11.45,19.55,20.53,24.27,17.49,8.4,33.47,34.59,93.9
23,20161219,14.06,58.67,27.8,14.15,18.99,4.44,25.79,55.02,19.47,5.9,11.91,7.0,14.23,21.43,3.8,13.29,30.33,8.89,40.39,54.45,18.66,11.25,19.55,20.44,23.64,17.71,8.42,33.67,35.37,97.07
24,20161216,13.96,56.09,28.09,13.88,18.82,4.31,25.43,54.43,19.4,5.78,11.3,6.9,14.34,21.43,3.68,12.73,30.59,8.82,41.34,55.32,18.24,11.18,19.5,20.06,23.18,17.13,8.2,33.62,35.12,97.9
25,20161215,14.29,55.52,27.9,13.74,18.78,4.28,25.28,54.6,19.22,5.73,11.13,6.8,14.16,21.16,3.95,12.82,29.02,8.82,39.5,55.46,18.24,10.98,19.37,19.97,22.27,16.95,8.0,33.52,34.71,96.17
26,20161214,14.48,55.52,28.09,13.55,18.45,4.37,25.37,55.11,19.11,5.75,11.13,6.67,14.28,20.99,4.24,12.68,29.02,8.86,39.5,55.89,18.57,10.85,19.59,19.03,21.64,16.95,7.9,33.33,35.08,98.58
27,20161213,13.63,54.46,28.09,13.51,18.25,4.08,25.25,55.11,19.11,5.4,10.78,6.24,13.91,20.2,4.55,12.59,28.23,8.86,38.8,55.03,18.1,10.85,19.64,18.51,21.09,16.82,7.62,32.95,34.71,98.73
28,20161212,13.91,54.94,27.7,13.88,18.54,4.38,25.49,55.95,19.29,5.58,10.76,6.3,13.96,20.18,4.3,12.59,28.01,8.86,40.07,55.03,19.42,10.85,20.18,18.6,21.27,16.51,7.61,33.43,34.71,100.76
29,20161209,14.06,56.19,28.28,14.25,18.45,4.71,25.91,55.95,19.47,5.53,10.78,6.15,14.03,20.22,4.48,13.53,27.62,8.92,40.26,55.89,19.82,10.85,19.73,19.11,21.64,16.73,7.8,33.57,34.71,102.34
30,20161208,14.1,55.61,28.04,14.38,18.7,4.88,25.52,55.11,19.47,5.56,10.78,6.16,14.03,20.33,4.71,13.67,27.44,8.82,40.26,55.89,20.32,10.72,19.64,19.16,22.18,16.69,7.91,33.52,34.71,101.89
31,20161207,14.06,55.52,27.51,14.48,19.15,4.83,25.43,55.36,19.51,5.52,10.9,6.1,14.01,20.11,4.79,13.57,27.44,8.82,40.07,55.61,20.51,10.52,19.64,19.03,22.36,16.6,7.4,32.95,34.71,99.86
32,20161206,14.06,55.23,27.32,14.52,19.36,4.52,25.55,56.72,19.47,5.52,10.95,6.13,14.03,19.85,4.65,13.57,28.84,8.92,40.26,55.53,20.48,10.52,19.87,18.77,22.09,16.6,7.51,32.71,34.46,100.99
33,20161205,14.48,55.13,27.61,14.85,19.44,4.86,25.73,56.38,19.69,5.65,11.16,6.34,14.54,21.3,5.0,13.9,29.19,8.86,40.2,56.61,21.04,10.92,20.27,19.28,22.18,17.13,7.5,33.43,34.67,101.74
34,20161202,14.58,55.99,28.28,14.94,19.44,4.77,25.94,57.56,19.4,5.65,11.3,6.3,14.47,21.69,5.09,13.67,29.19,8.92,39.95,59.5,20.42,10.92,21.09,18.9,22.36,17.58,7.74,33.81,34.71,101.74
35,20161201,14.67,56.86,28.43,14.99,19.93,4.9,26.09,57.9,19.73,5.9,11.24,6.72,14.32,21.34,4.89,13.57,29.76,8.89,40.96,59.68,20.55,10.92,21.27,18.86,21.82,17.71,7.55,33.76,34.71,101.89
36,20161130,14.58,56.28,28.38,14.89,20.75,5.07,26.18,54.17,19.69,5.91,11.28,6.8,14.44,21.25,5.08,13.39,29.72,8.96,40.77,59.5,20.88,11.02,19.91,19.03,22.09,17.76,7.5,33.71,34.71,104.0
37,20161129,14.48,55.9,28.38,14.85,20.71,5.3,26.06,54.68,19.76,6.21,11.16,7.14,13.84,20.51,5.08,13.71,29.72,8.92,39.88,58.78,20.48,10.59,19.91,18.43,22.36,17.49,7.8,33.52,34.3,101.21
38,20161128,14.96,57.05,28.47,14.89,21.16,5.29,26.27,57.65,20.05,6.22,11.16,7.15,13.96,20.22,5.08,13.71,30.24,8.86,40.71,58.6,21.18,10.45,19.91,18.51,22.36,17.85,7.8,34.0,35.12,97.37
39,20161125,15.15,59.44,28.67,15.03,21.16,5.35,26.55,57.65,19.91,6.33,11.3,7.33,14.32,20.73,5.16,14.09,30.68,8.96,43.25,58.78,22.13,10.59,20.73,18.6,22.0,17.94,8.1,34.29,35.12,101.37
40,20161124,15.25,59.82,28.57,15.17,21.31,5.6,26.79,57.82,19.69,6.45,11.26,7.58,14.3,20.75,5.24,14.23,30.33,9.02,43.89,58.45,21.8,10.35,21.09,18.51,22.27,17.98,8.22,34.48,35.12,103.02
41,20161123,15.34,59.82,28.47,15.49,21.12,5.88,26.55,58.16,19.69,6.2,11.37,7.35,14.28,20.31,5.3,14.04,30.24,9.02,43.38,58.42,21.97,10.32,20.68,18.56,21.45,18.07,8.27,34.77,35.29,104.76
42,20161122,15.34,58.87,28.33,15.49,21.39,5.85,26.03,58.24,19.26,6.23,11.41,7.5,14.37,20.25,5.27,14.23,30.07,8.99,40.64,59.28,22.1,10.45,20.77,18.6,21.59,18.11,8.27,34.48,35.21,106.04
43,20161121,14.77,57.81,28.23,15.31,21.35,5.87,26.03,57.06,19.33,6.04,11.28,7.15,14.4,20.31,5.17,14.27,30.46,8.99,40.33,56.43,22.53,10.29,20.09,18.9,21.64,17.89,8.3,34.19,35.21,104.38
44,20161118,14.58,58.87,28.33,15.03,21.31,5.93,26.03,56.97,19.11,5.7,11.26,6.72,14.16,19.44,5.16,14.6,30.24,9.06,40.33,56.25,22.73,10.12,19.55,18.86,21.73,17.85,7.88,34.05,35.21,103.4
45,20161117,14.58,58.58,27.99,15.03,21.46,5.91,25.73,56.97,19.37,5.8,11.32,6.9,14.34,18.98,5.2,14.6,31.03,9.09,40.26,56.07,22.73,10.39,19.73,18.6,21.73,17.98,7.91,34.14,35.29,104.76
46,20161116,14.72,60.11,28.18,15.17,21.58,6.06,26.0,57.06,19.4,5.73,11.41,6.76,14.44,19.24,5.24,14.79,31.03,9.12,40.14,55.17,23.06,9.92,20.27,18.51,21.73,18.11,8.1,34.29,35.29,104.76
47,20161115,14.63,59.92,28.38,15.26,21.35,6.1,26.09,56.97,19.18,5.36,11.32,6.32,14.4,19.33,5.2,14.65,30.98,9.19,40.07,55.97,23.09,9.92,19.64,18.77,21.73,18.16,8.1,34.29,35.33,103.48
48,20161114,14.63,59.73,28.38,15.26,20.93,6.03,25.82,56.8,18.97,5.36,11.22,6.36,14.13,19.33,4.87,14.65,30.15,9.23,39.44,56.61,22.93,10.02,19.55,18.51,21.68,17.94,8.01,34.29,35.45,104.15
49,20161111,14.96,61.26,27.7,15.22,21.08,6.02,25.97,57.73,19.04,5.5,11.24,6.5,14.04,18.8,4.9,14.7,31.11,9.26,41.03,57.05,23.12,9.89,19.77,18.21,21.82,18.29,8.24,34.72,36.36,105.89
50,20161110,15.06,61.74,27.9,15.36,21.16,5.79,25.79,57.65,19.26,5.34,11.45,6.23,14.23,18.76,4.93,14.79,31.16,9.29,41.34,56.8,22.83,9.73,20.09,17.7,22.0,18.43,8.4,34.86,35.37,106.26
51,20161109,15.06,62.02,27.42,15.22,21.08,5.42,25.49,56.89,18.93,5.13,11.24,5.9,14.04,18.37,4.82,14.98,31.11,9.26,41.34,55.89,22.33,9.86,19.96,17.4,22.0,18.16,8.25,34.48,35.12,105.51
52,20161108,15.01,62.69,27.32,15.31,21.16,5.69,25.88,57.4,19.29,5.16,11.45,5.98,14.23,18.37,4.96,15.3,31.81,9.39,41.34,55.61,23.09,9.89,20.41,17.78,22.64,18.43,8.43,34.86,35.37,105.81
53,20161107,15.06,62.12,27.42,15.45,21.24,5.67,25.85,57.06,19.51,5.13,11.37,5.95,14.1,18.41,4.94,15.26,31.46,9.36,41.34,54.99,22.79,9.96,19.67,17.7,22.54,18.43,8.42,34.72,35.33,105.66
54,20161104,15.44,59.82,26.93,15.36,20.97,5.64,25.46,55.7,19.0,5.12,11.16,5.94,13.58,17.51,4.88,15.12,31.46,9.33,41.41,54.63,23.19,9.96,19.47,17.66,22.45,18.02,8.38,33.52,35.04,106.19
55,20161103,15.34,59.82,27.22,15.36,21.01,5.7,25.37,55.36,18.97,5.12,11.32,5.85,13.48,17.25,4.89,14.98,31.42,9.43,41.54,55.17,22.86,9.69,20.09,17.74,22.5,18.25,8.24,33.52,35.04,106.57
56,20161102,15.25,61.26,27.61,15.45,21.08,6.03,25.73,55.87,19.18,5.17,11.58,6.0,13.55,17.27,4.87,15.91,31.46,9.53,41.66,52.94,22.73,9.73,19.67,18.08,22.91,18.56,8.25,33.91,34.96,106.34
57,20161101,15.38,62.69,27.61,15.49,21.16,6.03,26.15,56.38,19.55,5.1,11.77,6.0,13.86,17.8,4.92,16.33,31.29,9.59,41.66,53.01,23.09,9.83,19.92,18.26,22.64,18.6,8.5,34.38,35.33,106.94
58,20161031,15.11,61.26,27.42,15.59,21.16,5.77,26.27,55.95,19.69,5.2,11.79,6.01,13.98,17.51,4.86,16.29,31.73,9.59,41.79,52.29,23.12,9.92,20.04,18.21,23.91,18.78,8.82,34.48,35.12,107.02
59,20161028,15.47,64.13,27.9,15.73,21.12,5.54,26.33,57.65,19.84,5.37,11.87,6.25,13.99,17.4,4.95,16.52,31.73,9.56,41.79,53.55,23.12,10.19,21.41,18.08,24.09,18.56,8.87,34.77,35.41,108.0
60,20161027,15.11,64.13,27.7,15.36,21.12,5.18,26.09,57.48,19.69,5.24,11.79,5.85,13.56,16.92,4.92,16.47,31.64,9.56,41.66,52.83,23.12,9.92,21.33,18.0,24.5,18.56,8.95,34.77,35.37,107.39
61,20161026,15.61,64.51,28.18,15.68,21.12,5.21,25.97,57.4,19.84,5.25,11.77,6.01,13.56,16.75,4.82,16.38,31.03,9.56,41.79,51.93,22.73,9.92,21.33,17.91,23.82,18.56,9.02,33.81,35.08,106.34
62,20161025,15.79,65.28,28.38,15.91,21.24,5.26,26.09,57.9,19.66,5.3,11.91,6.13,13.58,16.68,4.75,16.38,31.46,9.59,41.98,51.93,22.76,9.86,21.57,17.66,23.91,18.87,9.1,34.24,35.29,106.26
63,20161024,15.97,65.09,28.43,16.0,21.2,5.31,26.09,57.73,19.84,5.27,11.96,6.12,13.79,17.14,4.6,16.76,32.34,9.63,41.98,52.47,22.93,9.69,21.49,17.7,23.73,18.83,9.2,34.58,35.54,106.26
64,20161021,15.93,65.28,29.15,15.86,21.54,5.48,26.21,58.5,19.84,5.3,12.15,6.1,14.06,17.23,4.62,16.9,33.21,9.55,42.17,54.45,23.12,9.63,21.82,17.7,23.73,19.23,9.25,35.15,35.54,108.68
65,20161020,15.93,64.7,29.34,16.0,22.15,5.42,26.27,58.5,19.76,5.35,12.17,6.2,14.11,17.05,4.62,16.99,33.43,9.58,42.3,54.09,22.96,9.66,22.11,17.78,24.0,18.96,9.32,35.15,35.79,109.2
66,20161019,16.02,66.04,27.99,16.05,22.42,5.2,26.49,58.58,19.95,5.35,12.17,6.2,14.15,17.21,4.62,16.8,32.78,9.58,42.3,54.2,23.79,9.73,22.24,17.96,24.23,18.96,9.48,35.15,36.2,110.03
67,20161018,15.38,65.09,28.33,15.77,22.26,5.16,26.33,58.07,19.98,5.39,12.04,6.3,13.96,16.77,4.51,16.43,33.04,9.58,42.43,54.09,24.12,9.73,22.28,18.0,24.0,18.83,9.24,34.91,35.45,108.52
68,20161017,15.47,63.65,28.43,15.77,21.88,5.38,26.21,58.92,20.13,5.63,12.04,6.51,13.65,16.62,4.58,16.66,32.78,9.58,42.43,51.67,23.79,9.79,22.15,17.96,23.82,18.92,9.22,34.86,35.54,107.17
69,20161014,15.38,67.96,29.44,15.77,21.46,5.43,26.49,60.02,20.13,5.63,12.08,6.32,13.86,16.62,4.68,16.66,33.04,9.49,43.38,53.37,24.25,9.69,22.65,18.26,24.0,18.96,9.21,35.63,35.54,108.52
70,20161013,15.2,68.82,29.24,15.86,21.62,5.63,26.58,60.19,20.23,5.27,12.15,5.91,14.16,16.62,4.78,16.99,33.12,9.46,43.25,53.23,24.45,9.63,22.73,18.3,24.09,19.01,9.2,35.72,35.54,107.02
71,20161012,15.2,68.82,29.15,15.86,21.54,5.42,26.46,59.77,20.13,5.16,12.08,5.68,13.99,16.68,4.59,16.94,32.43,9.46,43.25,49.76,24.58,9.53,23.06,18.26,24.18,18.87,9.22,36.01,34.88,106.64
72,20161011,15.2,68.92,28.67,15.86,21.69,5.3,26.88,61.04,20.27,5.1,12.17,5.52,14.37,16.97,4.55,16.94,32.51,9.46,43.44,48.83,24.64,9.49,23.23,18.34,22.95,19.05,9.25,36.2,34.79,105.89
73,20161010,15.16,68.63,28.67,15.82,21.54,4.95,26.33,57.23,19.76,5.13,12.17,5.56,13.44,16.18,4.55,17.13,32.16,9.49,43.44,48.39,25.04,9.49,22.48,17.78,21.47,19.01,9.37,35.92,34.79,105.59
74,20161007,15.38,68.44,29.05,16.0,21.69,4.9,27.21,60.11,20.23,5.13,12.21,5.69,14.1,16.92,4.5,17.13,32.64,9.55,43.57,48.5,25.5,9.53,23.19,18.0,21.43,19.01,9.53,36.35,35.37,106.72
75,20161006,15.65,68.92,28.86,16.28,21.43,4.99,27.84,59.77,20.49,5.14,12.17,5.67,14.71,16.88,4.5,17.46,32.64,9.52,44.02,48.97,25.44,9.59,22.48,18.13,21.68,19.09,9.61,36.73,35.29,107.02
76,20161005,15.65,69.78,28.43,16.28,21.5,4.7,28.27,60.7,20.42,5.11,12.17,5.6,14.95,17.18,4.31,17.46,32.34,9.42,44.46,48.68,25.37,9.4,21.66,18.26,21.68,19.31,9.35,36.59,36.2,105.81
77,20161004,15.47,69.11,28.09,16.0,21.66,4.4,28.27,60.28,20.56,5.15,12.27,5.6,15.07,17.32,4.05,17.27,32.16,9.42,44.46,49.04,24.84,9.4,21.57,18.17,21.54,19.26,9.15,36.3,36.36,105.89
78,20161003,15.38,66.52,28.57,15.68,21.54,4.58,28.18,60.19,21.07,5.21,12.38,5.49,15.26,17.93,4.1,17.22,33.04,9.46,44.53,50.09,24.51,9.53,22.07,18.3,21.47,19.09,9.2,36.3,35.54,105.89
79,20160930,15.38,67.86,28.38,15.68,21.69,4.41,28.18,59.77,21.21,5.25,12.38,5.6,15.67,18.37,4.17,17.78,32.99,9.52,44.72,50.2,25.04,9.53,21.99,18.51,21.68,19.01,9.32,36.68,36.78,105.51
80,20160929,15.38,67.0,28.14,15.86,21.58,4.13,28.6,61.63,21.43,5.25,12.55,5.85,15.91,18.37,4.18,18.02,33.39,9.46,43.38,49.98,25.44,9.46,22.44,18.86,21.54,19.01,9.39,36.68,37.15,105.51
81,20160928,15.7,68.44,27.94,16.1,21.58,4.12,28.93,58.94,20.71,5.31,12.63,6.05,16.02,18.15,4.18,17.88,33.74,9.39,42.93,49.58,24.84,9.46,21.0,18.94,21.47,19.09,9.43,37.35,36.9,105.51
82,20160927,15.2,67.38,27.75,15.86,21.73,4.21,28.87,58.35,20.99,5.28,12.46,5.83,15.86,18.04,4.18,17.78,34.09,9.39,44.91,49.01,24.71,9.53,21.24,19.16,21.61,18.71,9.43,36.97,37.98,105.51
83,20160926,14.43,65.09,27.46,15.63,21.77,4.44,28.87,57.68,20.99,5.15,12.33,5.45,15.76,17.97,4.15,17.55,33.47,9.42,45.1,48.68,24.45,9.53,20.66,19.46,21.68,18.58,9.41,36.01,36.94,106.26
84,20160923,14.52,62.6,27.66,15.63,21.66,4.44,28.63,57.76,20.56,5.13,12.38,5.42,15.74,18.15,4.29,17.55,33.12,9.42,45.16,49.4,24.18,9.66,21.16,18.98,21.61,18.41,9.5,35.77,36.65,105.51
85,20160922,14.52,62.5,27.61,15.73,21.69,4.52,28.15,57.09,20.02,5.14,12.33,5.66,15.84,18.15,4.34,17.6,32.73,9.42,45.16,49.73,24.18,9.73,21.41,18.6,20.98,18.62,9.6,35.92,36.36,103.4
86,20160921,14.57,60.3,27.61,15.73,21.39,4.39,27.48,56.92,19.87,5.13,12.12,5.74,15.64,18.41,4.32,17.41,32.43,9.39,44.84,48.68,23.52,9.66,21.49,18.0,21.47,18.62,9.52,35.87,36.12,103.85
87,20160920,14.48,58.67,27.9,15.77,21.54,4.11,27.57,55.57,19.62,5.07,12.17,5.55,15.59,18.37,4.29,17.6,32.16,9.42,44.65,48.14,23.12,9.53,20.95,18.0,22.8,18.37,9.79,35.87,35.21,102.5
88,20160919,14.3,58.67,28.38,15.82,21.5,3.84,27.36,53.89,19.55,5.01,12.19,5.81,15.64,17.97,4.27,17.22,31.9,9.42,43.25,47.24,23.03,9.79,21.16,18.0,23.08,18.28,9.87,35.1,34.96,102.5
89,20160916,14.34,55.99,28.33,15.68,20.78,3.59,27.18,53.21,19.8,4.93,12.04,6.24,15.26,18.37,4.14,16.15,30.77,9.42,41.34,48.36,22.46,9.66,20.83,17.44,22.2,17.73,9.4,33.52,35.54,104.0
90,20160915,14.39,58.2,27.94,15.68,21.24,3.85,27.06,53.04,19.44,5.3,11.96,6.7,15.16,18.74,4.45,16.19,31.73,9.49,41.34,47.74,23.29,9.26,20.83,17.36,23.85,17.73,10.1,34.48,34.05,107.77
91,20160914,14.39,58.39,27.99,15.54,21.43,4.13,27.48,53.47,19.69,5.2,12.1,6.35,14.95,18.93,4.5,16.15,31.73,9.46,42.49,48.97,23.45,9.92,21.0,17.53,23.22,17.9,10.1,34.96,32.59,108.52
92,20160913,14.66,59.06,28.09,15.86,21.46,4.42,27.3,53.47,20.05,5.2,12.21,6.4,14.99,19.02,4.6,16.66,31.94,9.49,43.57,49.94,23.19,9.73,21.12,17.57,23.01,17.98,9.99,34.48,33.13,109.2
93,20160912,14.75,58.39,27.66,15.96,21.39,4.39,27.18,53.13,20.05,5.4,12.36,6.5,14.75,18.45,4.7,16.99,31.98,9.52,43.89,48.68,23.12,9.73,21.33,17.57,23.92,18.15,10.0,35.87,33.6,106.41
94,20160909,14.75,57.43,27.99,16.1,21.77,4.56,27.6,54.31,20.42,5.6,12.71,6.7,15.19,19.15,4.7,17.04,32.06,9.52,43.89,50.48,23.19,9.86,22.15,17.48,23.71,18.41,9.9,37.07,32.92,107.77
95,20160908,14.75,57.43,28.18,15.91,21.92,4.56,27.54,54.31,20.63,5.7,12.33,6.6,15.4,19.24,4.8,16.85,32.4,9.52,43.57,51.93,23.26,9.92,22.07,17.48,24.19,18.15,9.9,35.12,32.25,110.79
96,20160907,14.57,57.43,27.22,15.91,21.92,4.56,26.64,53.04,20.2,5.7,12.17,6.8,15.09,19.11,4.8,17.04,33.41,9.46,43.25,51.93,22.93,9.79,22.07,17.66,24.4,18.15,10.0,35.12,32.05,110.03
97,20160906,14.57,56.95,27.32,15.82,21.92,4.56,26.7,53.89,20.05,5.8,12.17,6.9,14.51,19.28,4.9,16.66,33.49,9.39,43.25,52.65,22.79,9.86,22.4,17.66,24.12,17.98,10.2,35.12,32.32,113.05
98,20160905,14.84,57.43,27.42,15.82,22.07,4.64,26.88,53.04,19.84,5.6,12.12,6.6,14.4,19.68,4.8,16.47,33.41,9.39,42.62,52.29,22.66,9.86,21.57,17.06,24.06,17.98,10.0,35.12,32.32,116.06
99,20160901,14.84,58.87,27.22,15.91,22.07,4.56,26.88,53.47,20.2,6.0,12.21,7.0,14.54,19.24,4.9,16.66,32.48,9.46,42.62,51.57,23.06,9.79,21.24,17.23,24.54,18.24,10.2,36.51,32.38,116.06
100,20160831,14.84,59.34,27.51,16.1,22.07,4.64,26.52,53.89,20.42,6.3,12.17,7.3,14.68,18.98,5.0,16.66,32.4,9.46,43.89,51.93,23.52,9.99,20.91,17.23,24.54,18.24,10.4,37.55,32.45,117.57
101,20160830,14.93,59.82,27.13,16.1,21.69,4.73,25.73,54.31,20.05,6.3,12.17,7.2,14.37,18.93,4.8,16.38,31.22,9.46,44.53,51.93,23.65,9.53,21.08,17.14,24.26,17.98,10.5,38.59,32.45,114.55
102,20160829,14.93,58.39,26.45,16.0,21.77,4.73,25.73,53.04,19.98,6.3,12.08,7.6,14.23,18.15,4.8,16.19,31.56,9.46,42.62,49.4,23.06,9.53,21.0,17.14,24.61,18.24,10.5,39.99,32.38,113.8
103,20160826,14.84,57.43,26.93,16.1,21.85,4.81,25.97,53.47,20.63,6.4,12.33,7.5,14.61,18.5,4.9,17.04,31.89,9.52,40.07,51.57,23.12,9.59,21.74,17.4,24.89,18.5,10.5,39.99,32.38,110.03
104,20160825,14.75,56.47,25.97,15.82,21.77,4.81,25.61,52.2,20.49,6.0,12.0,7.1,14.75,18.58,4.9,17.04,32.48,9.52,39.12,51.21,22.86,9.59,21.66,17.31,24.82,18.24,10.3,37.55,32.59,109.28
105,20160824,14.75,56.47,26.26,16.0,21.77,4.81,25.37,53.47,21.07,6.2,12.04,7.4,14.17,18.32,4.9,17.13,31.98,9.46,39.12,52.65,22.99,9.53,21.49,17.4,24.75,18.32,10.5,37.55,32.72,109.28
106,20160823,14.93,56.95,25.97,15.82,21.77,4.9,25.19,53.47,21.14,6.3,12.0,7.5,14.25,17.58,4.9,16.94,31.14,9.46,40.07,55.17,22.93,9.66,21.74,17.31,24.61,18.41,10.5,36.86,32.72,107.77
107,20160822,14.93,56.95,25.59,15.91,21.85,4.81,25.07,55.15,20.85,6.3,11.96,7.4,14.02,17.14,4.9,16.76,29.12,9.46,41.34,54.45,22.99,9.66,22.4,17.31,24.82,18.24,10.6,37.2,31.64,105.51
108,20160819,15.02,57.43,26.16,15.82,21.77,4.81,25.0,54.31,21.14,6.4,12.04,7.2,13.93,17.84,4.8,16.57,30.38,9.46,42.93,54.81,23.26,9.73,23.14,17.31,24.47,18.5,10.6,37.2,32.18,107.77
109,20160818,15.11,55.99,26.16,16.0,22.0,4.81,25.42,52.2,21.72,6.0,12.17,6.8,14.11,18.23,4.9,16.66,29.45,9.52,40.39,54.45,23.39,9.66,23.06,17.31,24.12,18.84,10.6,36.86,32.32,106.77
110,20160817,15.29,56.47,24.91,16.0,21.92,4.9,25.48,53.47,21.72,6.4,12.21,7.3,14.05,18.19,4.9,17.13,27.6,9.52,37.85,55.53,23.65,9.79,23.23,17.66,25.17,19.09,10.8,36.86,32.32,104.93
111,20160816,15.29,56.47,24.91,16.0,21.77,4.81,25.18,53.47,20.78,6.8,12.33,7.8,13.59,18.15,5.1,17.41,27.35,9.46,37.85,52.29,23.45,9.92,23.23,17.66,24.47,19.09,10.7,37.55,32.32,103.7
112,20160815,15.47,56.95,24.34,16.19,21.69,4.9,24.53,53.89,19.91,6.9,12.25,7.7,13.38,18.06,5.3,17.22,25.58,9.52,38.16,50.85,22.86,9.92,23.81,17.74,24.12,18.67,10.9,37.9,33.06,103.7
113,20160812,15.47,56.95,24.43,16.19,22.0,4.9,24.53,53.04,19.91,6.5,12.08,7.2,13.24,17.88,5.3,16.47,23.98,9.52,38.48,49.4,22.73,9.79,23.06,17.4,24.19,18.58,10.9,37.9,33.06,103.09
114,20160811,15.65,58.39,24.53,16.28,22.0,4.99,24.65,52.2,20.05,6.3,12.29,6.8,13.3,18.23,5.2,16.76,23.98,9.58,38.8,50.12,23.32,9.92,22.48,17.4,24.68,18.75,10.9,38.94,33.06,103.7
115,20160810,15.29,57.43,24.43,16.1,21.85,4.9,24.24,52.2,19.4,5.9,12.29,6.4,13.1,17.8,4.9,16.19,23.48,9.52,38.48,47.6,23.32,9.79,22.24,17.31,24.82,18.5,10.8,37.2,32.79,100.63
116,20160809,14.93,55.99,24.43,15.63,21.77,4.81,24.12,51.78,19.11,5.6,12.08,6.0,12.52,17.23,4.9,16.38,23.56,9.46,38.48,47.24,23.52,9.99,21.66,17.23,24.12,18.24,10.7,36.86,30.7,99.41
117,20160808,15.02,55.04,24.43,15.91,21.77,4.73,23.94,50.94,19.47,5.3,11.96,5.7,12.37,17.14,4.9,15.82,23.48,9.46,37.85,47.6,22.48,10.19,20.91,16.97,23.08,18.24,10.9,36.16,30.16,96.95
118,20160805,15.11,55.52,24.43,15.82,21.77,4.81,23.88,50.1,18.9,5.1,12.0,5.6,12.46,16.92,4.9,16.19,23.31,9.46,39.12,47.6,22.48,9.59,20.58,16.63,23.01,18.32,11.0,35.47,30.16,96.95
119,20160804,15.29,55.04,24.24,16.0,21.92,4.9,23.83,50.1,18.1,5.4,12.0,6.0,12.32,16.53,4.8,16.57,23.56,9.46,39.44,46.52,22.48,9.59,20.83,16.97,23.01,18.75,10.5,36.16,32.05,95.72
120,20160803,15.47,54.56,24.24,15.82,22.0,5.07,23.88,49.68,18.24,5.8,12.29,6.4,12.49,17.01,4.8,16.47,24.15,9.52,39.12,44.71,22.48,9.86,20.33,16.8,22.87,18.92,11.0,35.12,33.26,94.5
121,20160802,15.47,55.99,24.24,15.91,21.85,5.16,23.94,50.1,18.61,6.1,12.55,6.6,12.34,16.22,4.9,16.66,23.98,9.52,39.12,44.71,22.61,10.06,20.91,17.14,22.8,18.84,11.1,35.81,34.41,93.27
122,20160801,15.93,55.99,24.91,16.37,22.3,4.9,24.24,50.52,18.9,6.3,13.01,6.9,12.75,16.53,4.9,16.38,23.98,9.58,40.71,46.88,22.74,10.06,21.74,17.31,23.01,19.43,11.2,36.86,34.74,95.11
123,20160729,15.93,56.47,25.01,16.47,22.23,4.9,24.18,49.26,19.04,6.4,13.13,6.9,12.86,17.23,4.9,16.57,24.32,9.58,40.71,48.32,22.68,10.19,21.16,17.66,22.94,19.52,11.3,37.55,34.41,96.95
124,20160728,15.93,56.95,24.82,16.47,22.3,4.9,24.36,48.83,18.82,6.4,13.05,6.7,12.89,17.49,5.0,16.29,24.4,9.65,41.98,47.96,22.42,10.06,21.24,18.0,22.52,19.77,11.2,38.25,35.42,98.18
125,20160727,16.02,57.43,24.53,16.65,22.3,4.99,24.36,50.94,19.04,6.6,12.92,7.0,12.49,17.27,5.1,16.01,23.98,9.71,41.98,46.88,21.97,9.99,21.57,17.48,22.45,19.35,11.2,37.9,34.41,96.95
126,20160726,15.83,56.47,24.72,16.28,22.45,5.16,24.12,49.68,18.75,6.7,12.84,7.1,12.23,16.49,5.4,15.91,23.65,9.65,42.3,46.88,22.16,9.66,21.24,17.48,22.87,19.09,11.2,36.86,34.07,96.34
127,20160725,15.93,56.47,24.72,16.19,22.53,5.16,24.24,52.2,19.04,6.8,12.76,7.1,11.82,16.22,5.3,15.82,23.9,9.58,42.62,47.96,22.35,9.59,21.74,17.66,23.08,19.01,11.0,36.86,34.07,94.5
