DTYYYYMMDD,HPG,ACB,MBB,KDH,MWG,VNM,SAB,GAS,ACV,FPT
2016-12-06,18.9,16.8,13.3,20.2,154.0,134.0,132.0,66.9,41.1,42.3
2016-12-07,18.23,17.1,13.15,20.2,154.2,132.5,141.2,65.3,41.8,42.1
2016-12-08,18.21,17.0,13.15,20.2,155.0,135.2,151.0,65.0,41.2,42.25
2016-12-09,18.23,16.6,13.3,20.15,155.0,135.8,161.5,66.0,42.1,42.9
2016-12-12,18.23,16.6,13.2,20.15,152.6,133.7,172.8,66.0,44.6,42.2
2016-12-13,18.15,16.7,13.2,20.15,152.6,131.0,184.8,65.0,46.6,41.8
2016-12-14,18.08,17.2,13.2,20.2,155.0,130.8,197.7,65.0,52.7,42.0
2016-12-15,18.57,17.0,13.15,20.2,153.8,127.6,211.5,64.4,50.0,41.85
2016-12-16,18.41,17.0,13.15,20.2,153.4,129.9,225.0,64.2,48.7,42.1
2016-12-19,18.64,17.9,13.25,20.3,151.0,128.8,212.0,64.9,47.6,42.7
2016-12-20,18.5,17.8,13.3,20.2,154.6,124.6,197.2,63.6,50.0,42.55
2016-12-21,18.41,17.3,13.3,20.3,155.7,126.1,200.8,65.0,49.5,42.5
2016-12-22,18.68,17.8,13.25,20.3,155.0,123.1,203.0,63.5,49.6,42.55
2016-12-23,18.95,17.4,13.2,20.2,154.8,124.0,200.0,62.0,46.9,42.65
2016-12-26,19.15,17.5,13.15,20,158.9,122.5,197.0,61.1,48.5,42.7
2016-12-27,19.53,17.6,13.25,20,159.5,125.0,198.0,60.0,49.0,43.15
2016-12-28,19.24,17.6,13.3,20,159.2,126.0,198.9,59.9,48.6,43.6
2016-12-29,19.44,19.0,13.4,20,159.0,128.6,197.0,59.7,47.6,43.45
2016-12-30,19.26,19.1,14.0,20,156.0,125.6,197.7,60.6,48.7,44.0
2017-01-03,19.24,19.1,13.75,19.95,156.7,126.7,197.0,60.1,48.1,44.85
2017-01-04,19.62,20.1,13.6,19.95,157.3,126.9,197.0,61.5,48.0,45.25
2017-01-05,19.62,20.8,13.5,19.4,157.8,126.7,197.1,61.5,48.1,45.1
2017-01-06,19.66,21.0,13.75,19.7,157.8,126.0,206.0,60.4,48.2,44.95
2017-01-09,19.35,21.6,13.7,19.7,156.7,126.0,205.0,60.5,48.6,45.2
2017-01-10,19.24,21.6,13.7,19.7,157.2,126.1,204.5,60.0,49.6,46.0
2017-01-11,19.55,21.5,13.75,19.8,160.0,127.0,210.0,60.4,49.6,46.1
2017-01-12,19.62,21.8,13.85,19.8,160.0,127.0,210.6,60.5,49.0,45.95
2017-01-13,19.46,23.0,13.75,19.8,159.5,126.9,211.8,59.6,48.1,44.9
2017-01-16,19.26,23.1,13.65,19.8,158.5,126.5,209.0,58.0,48.9,44.0
2017-01-17,18.72,23.0,14.15,19.8,158.0,126.1,216.5,56.7,49.0,44.4
2017-01-18,18.72,23.1,14.0,19.7,158.0,126.0,223.8,57.4,48.5,43.8
2017-01-19,18.55,22.9,13.9,19.7,157.5,126.0,223.8,57.4,49.1,43.8
2017-01-20,18.48,23.5,13.9,19.8,159.5,127.0,223.8,58.1,49.9,44.2
2017-01-23,18.81,23.6,13.8,19.7,158.3,128.0,222.0,58.5,49.9,44.45
2017-01-24,18.72,23.8,14.1,19.5,159.0,128.0,222.0,60.0,50.1,44.7
2017-01-25,18.72,24.2,14.15,19.7,160.0,129.0,223.8,60.1,50.5,45.1
2017-02-02,18.86,23.6,14.2,19.8,169.0,133.0,219.0,60.5,50.0,44.9
2017-02-03,19.04,23.7,14.15,19.7,168.0,133.9,217.0,59.5,50.0,44.7
2017-02-06,19.26,23.7,14.1,19.6,170.5,133.2,215.0,60.0,50.1,44.3
2017-02-07,19.66,23.7,14.0,19.5,170.4,133.8,216.0,60.0,50.2,44.5
2017-02-08,19.88,23.9,14.15,19.4,168.8,133.9,215.3,59.1,50.8,44.6
2017-02-09,19.91,23.5,14.25,19.6,167.0,134.1,211.0,58.0,51.6,44.55
2017-02-10,19.86,23.5,14.15,19.7,168.3,133.8,213.2,59.0,51.1,44.45
2017-02-13,19.77,23.3,14.4,20.1,173.2,133.8,213.4,59.1,51.5,44.8
2017-02-14,19.95,22.7,14.3,20.2,172.0,132.9,216.0,59.1,51.3,46.4
2017-02-15,20.11,22.7,14.5,20.3,173.0,133.0,213.9,59.1,51.8,46.0
2017-02-16,20.13,22.7,14.6,21.5,173.0,132.0,215.4,59.3,52.5,45.3
2017-02-17,19.93,22.7,14.75,21.5,172.0,130.0,214.7,58.9,52.6,45.3
2017-02-20,19.75,22.6,14.65,21.5,168.0,130.0,218.0,59.0,52.6,45.05
2017-02-21,18.72,22.6,14.65,22.3,168.5,130.3,219.6,59.7,52.2,45.4
2017-02-22,18.84,22.7,14.65,22,166.1,130.4,224.3,62.0,51.4,45.8
2017-02-23,17.92,22.9,14.2,22,165.3,130.3,227.0,63.0,51.9,46.0
2017-02-24,18.1,22.9,14.15,21.9,166.0,131.9,227.0,61.7,51.2,46.0
2017-02-27,18.03,22.6,14.1,21.9,168.6,131.8,225.1,61.9,50.3,46.55
2017-02-28,17.94,22.5,14.0,21.9,167.1,131.4,225.1,60.3,50.9,45.85
2017-03-01,17.83,22.8,13.95,22.4,166.5,130.8,225.9,58.9,50.9,45.7
2017-03-02,18.23,22.6,13.9,23.2,167.0,129.7,224.9,58.0,52.5,45.45
2017-03-03,18.72,22.5,13.8,23.3,166.3,129.9,225.4,58.6,52.5,45.65
2017-03-06,18.28,23.3,13.95,23.4,166.3,130.9,224.5,58.2,52.0,45.95
2017-03-07,18.37,23.4,13.95,23.45,167.9,130.0,222.6,58.2,52.0,45.8
2017-03-08,18.37,23.7,14.1,23.5,169.8,130.6,218.9,57.8,52.0,45.8
2017-03-09,18.39,22.9,14.55,23.25,169.0,130.5,216.0,56.8,52.0,45.5
2017-03-10,18.72,22.8,14.4,23.3,169.0,129.9,211.0,55.8,51.5,46.0
2017-03-13,18.77,23.1,14.7,23.1,169.8,129.7,207.0,54.7,51.0,45.75
2017-03-14,18.77,23.2,14.65,23.1,172.0,130.7,214.0,55.0,51.8,45.7
2017-03-15,18.75,23.4,14.5,23.3,174.0,133.0,211.6,55.0,51.6,45.55
2017-03-16,18.52,23.9,14.5,24.2,171.0,134.0,212.9,55.6,51.4,45.7
2017-03-17,18.64,25.0,14.5,24.3,171.7,134.0,208.0,55.0,51.2,45.9
2017-03-20,18.41,25.0,15.05,24.45,171.8,133.9,209.0,54.8,51.2,46.6
2017-03-21,18.66,24.9,15.4,24.2,172.4,135.6,205.2,54.4,51.2,46.6
2017-03-22,19.1,25.5,15.4,24.2,169.2,136.6,203.0,53.0,51.0,46.1
2017-03-23,18.9,25.2,15.4,24.2,168.5,140.2,202.0,53.2,51.0,48.0
2017-03-24,19.06,24.7,15.65,24.2,168.7,141.7,200.0,54.5,51.0,47.7
2017-03-27,19.19,24.6,15.45,24.2,166.0,142.0,200.0,54.0,51.0,47.6
2017-03-28,19.19,24.7,15.35,25.85,166.0,140.8,199.0,53.6,50.8,47.4
2017-03-29,19.15,24.5,15.3,25.4,167.5,141.8,200.0,53.8,51.0,47.5
2017-03-30,19.35,25.0,15.55,25.4,168.5,144.0,202.0,54.4,50.8,47.1
2017-03-31,20.03,25.3,15.35,25.35,168.3,143.3,200.0,55.0,50.4,47.3
2017-04-03,20.43,25.2,15.45,25.6,167.5,144.3,200.4,54.7,50.1,46.4
2017-04-04,21.37,24.8,15.45,25.3,166.5,144.0,200.4,54.3,50.3,47.0
2017-04-05,21.6,24.4,15.4,25,167.0,143.4,203.0,54.8,50.6,46.55
2017-04-07,21.03,23.7,15.35,24.7,167.0,142.6,205.0,57.2,50.3,47.0
2017-04-10,21.3,23.1,15.3,24.75,166.1,142.6,209.0,56.9,50.1,47.0
2017-04-11,21.37,23.0,15.65,24.9,168.6,143.5,207.5,56.8,50.2,46.95
2017-04-12,21.33,22.9,15.35,25,169.0,144.0,203.0,55.4,49.8,47.55
2017-04-13,21.13,22.5,15.5,25,170.0,143.1,205.0,54.7,50.0,47.25
2017-04-14,21.07,22.9,15.2,24.8,167.2,141.7,204.0,53.9,50.0,46.05
2017-04-17,20.66,22.7,15.1,25,165.0,142.0,207.0,54.0,49.7,45.7
2017-04-18,20.4,22.7,15.2,25.1,163.0,144.4,205.0,55.1,49.5,46.0
2017-04-19,20.23,22.7,15.0,25.6,167.0,145.4,201.5,55.0,49.6,46.0
2017-04-20,20.7,22.5,15.0,25.4,166.0,144.9,200.0,54.0,49.6,45.85
2017-04-21,20.36,22.1,15.1,25.3,166.5,144.7,201.0,53.6,49.1,45.85
2017-04-24,20.36,22.7,14.95,25.2,166.0,144.0,200.0,54.1,49.6,45.75
2017-04-25,20.1,22.7,14.9,24.9,163.5,143.4,199.0,53.7,49.8,45.65
2017-04-26,19.93,23.2,15.05,25,164.1,143.9,200.5,54.5,49.6,46.0
2017-04-27,19.53,23.8,15.2,25,166.8,146.5,199.9,55.8,49.0,46.5
2017-04-28,19.73,23.8,15.8,25,167.0,148.0,199.9,55.5,49.2,46.45
2017-05-03,19.66,23.5,16.8,25,168.6,148.3,199.9,55.2,49.1,47.0
2017-05-04,19.46,23.1,16.5,25.5,171.8,148.5,199.0,55.2,49.4,47.0
2017-05-05,19.53,23.7,16.7,25.5,172.0,146.6,199.3,54.6,49.4,47.1
2017-05-08,19.53,23.7,16.4,27.25,170.9,145.9,199.0,55.0,49.5,47.0
2017-05-09,19.49,23.4,16.65,27.65,172.5,144.0,196.7,55.6,50.0,48.3
2017-05-10,19.86,23.6,16.9,27.5,172.6,144.4,196.8,55.0,50.0,48.1
2017-05-11,20.06,23.5,16.9,27.2,173.0,144.5,195.9,55.1,50.0,48.1
2017-05-12,20.16,23.9,16.7,27.35,174.0,144.8,196.5,54.5,49.6,48.0
2017-05-15,19.86,24.4,16.5,27.8,183.4,143.9,194.0,54.1,49.4,47.8
2017-05-16,19.73,24.5,16.5,28,180.7,143.5,191.1,54.6,49.6,47.5
2017-05-17,19.39,24.7,16.55,28.15,180.0,147.0,188.7,54.4,49.6,47.8
2017-05-18,19.43,25.1,17.2,27.4,180.3,146.0,189.9,54.7,49.5,47.9
2017-05-19,19.06,24.5,17.75,26.65,181.5,147.9,190.0,55.9,49.4,48.4
2017-05-22,19.19,25.2,18.3,27.25,91.2,150.3,190.4,58.1,49.3,48.5
2017-05-23,19.33,25.1,17.6,27.2,94.5,151.5,194.0,57.4,49.2,48.85
2017-05-24,19.43,25.0,18.8,27.2,98.9,151.5,191.0,57.1,49.0,49.1
2017-05-25,19.63,25.1,19.1,27.2,98.3,150.0,191.0,58.1,48.8,42.6
2017-05-26,19.63,25.0,19.45,27.15,97.0,152.0,189.5,56.8,47.8,42.1
2017-05-29,19.53,25.0,19.2,27.8,94.2,151.7,190.0,58.0,48.0,42.6
2017-05-30,19.93,24.8,19.0,27.7,93.3,149.7,191.0,56.6,47.9,43.0
2017-05-31,19.63,24.7,18.85,27.8,93.5,149.7,189.1,55.6,48.0,43.0
2017-06-01,20.33,24.8,19.1,27.8,95.8,151.9,190.0,55.7,48.0,43.45
2017-06-02,20.26,25.3,19.0,28.1,95.5,150.9,191.0,54.6,48.5,43.25
2017-06-05,20.06,26.4,19.1,28.9,95.0,153.7,191.0,55.2,48.1,43.25
2017-06-06,20.03,26.1,19.4,28.55,96.2,154.2,191.3,55.4,48.5,44.3
2017-06-07,20.4,26.2,20.25,28.5,97.0,154.0,191.9,55.5,48.0,44.05
2017-06-08,21.0,26.0,20.05,28.4,98.0,153.6,191.0,55.5,48.2,44.2
2017-06-09,21.07,26.5,20.05,28.4,97.3,153.7,191.0,54.9,49.0,45.15
2017-06-12,21.03,26.7,19.85,28.35,96.5,152.7,193.9,55.2,50.0,44.7
2017-06-13,20.66,26.4,19.9,28,95.0,152.3,194.9,56.2,51.9,45.35
2017-06-14,21.0,26.4,20.35,27.5,95.5,153.5,200.0,57.5,51.8,45.2
2017-06-15,21.17,26.6,20.1,27.8,95.7,153.8,200.0,56.9,52.0,45.4
2017-06-16,21.67,26.8,20.2,27.9,95.2,153.0,200.3,57.5,52.1,45.7
2017-06-19,22.04,26.3,20.75,28,95.1,154.4,201.0,58.2,52.0,46.3
2017-06-20,21.79,26.1,21.4,28,97.0,153.0,203.0,58.1,52.1,46.15
2017-06-21,22.07,25.7,21.9,28,97.7,153.8,204.9,57.7,52.0,47.5
2017-06-22,21.86,26.1,21.7,27.9,101.0,152.9,205.0,57.0,52.0,47.6
2017-06-23,21.96,25.9,21.5,28.5,102.9,153.0,206.9,56.7,51.9,47.45
2017-06-26,22.0,25.8,21.7,28.1,103.0,153.4,207.4,57.0,51.9,46.7
2017-06-27,22.04,26.0,21.7,28,101.3,153.5,207.4,57.4,51.8,45.7
2017-06-28,21.89,25.9,21.8,28,100.5,155.4,206.8,57.3,51.0,46.35
2017-06-29,21.93,26.4,22.3,27.8,101.0,154.8,206.5,57.3,51.0,46.5
2017-06-30,22.25,26.2,22.3,27.85,102.9,157.6,208.3,58.3,50.5,46.85
2017-07-03,22.86,26.5,22.25,27.85,102.8,157.0,210.0,59.6,50.8,46.4
2017-07-04,23.57,26.5,22.0,27.9,103.5,156.5,210.9,59.0,50.9,46.6
2017-07-05,23.57,26.5,21.75,28,102.7,156.6,210.0,60.1,51.0,46.7
2017-07-06,23.5,25.9,21.8,28.2,102.7,157.5,210.0,60.7,51.0,47.9
2017-07-07,23.79,25.9,21.4,28.25,103.0,154.2,210.0,60.7,51.0,48.6
2017-07-10,23.57,25.9,20.75,28.2,101.5,151.7,210.0,60.3,50.8,48.2
2017-07-11,23.64,25.9,21.2,28.2,101.5,153.0,210.5,60.1,51.0,47.6
2017-07-12,23.5,25.8,21.3,29.2,102.5,155.4,210.2,62.5,50.7,47.95
2017-07-13,23.57,24.9,21.35,29.3,102.6,156.3,210.5,63.2,49.5,48.85
2017-07-14,24.0,25.1,21.25,28.9,102.0,155.1,211.5,63.5,48.3,48.7
2017-07-17,24.07,25.1,20.6,28.4,103.2,151.9,219.5,62.1,49.1,48.0
2017-07-18,23.46,25.2,20.7,28.15,102.2,152.0,226.0,60.7,50.5,47.8
2017-07-19,22.89,25.0,20.5,28.2,102.1,153.0,232.1,62.7,50.8,46.9
2017-07-20,22.71,24.7,20.8,28.2,100.5,152.0,234.0,62.0,50.8,46.8
2017-07-21,22.61,25.1,20.3,28.15,97.0,151.5,235.5,60.0,50.8,46.2
2017-07-24,22.43,25.6,20.7,28.3,97.6,151.8,235.5,59.6,50.8,46.5
2017-07-25,22.57,25.4,22.1,28.05,98.6,151.8,235.5,60.5,50.8,46.7
2017-07-26,22.86,25.8,22.1,27.6,100.0,153.0,235.2,61.3,50.9,47.8
2017-07-27,23.43,26.0,22.2,27.8,99.5,152.9,235.2,60.6,50.8,48.2
2017-07-28,23.18,26.1,23.5,28,101.0,153.0,235.5,61.5,50.9,48.55
2017-07-31,23.18,26.1,23.8,28,100.5,152.6,236.9,62.6,51.9,48.35
2017-08-01,23.07,26.0,23.7,28.2,99.5,151.1,244.9,64.2,51.9,49.0
2017-08-02,23.36,25.8,23.5,28.2,99.5,152.4,245.4,63.8,51.3,49.4
2017-08-03,23.07,26.0,23.5,28.55,100.1,154.0,245.0,63.8,51.0,50.1
2017-08-04,23.07,26.0,23.3,28.45,106.5,154.0,245.8,63.0,50.8,50.1
2017-08-07,22.86,25.6,23.7,28.6,109.2,153.7,249.1,64.1,51.0,49.85
2017-08-08,23.04,25.4,23.3,28.2,107.0,152.0,253.0,64.5,51.0,48.95
2017-08-09,23.07,25.4,22.45,28.3,104.3,150.0,242.0,63.4,51.0,48.4
2017-08-10,22.75,25.7,22.5,28.2,105.2,151.5,249.0,63.0,51.7,48.9
2017-08-11,22.86,25.8,22.4,28.25,105.8,151.5,248.0,61.3,51.6,49.45
2017-08-14,23.36,25.9,23.2,28.25,106.5,149.7,244.0,61.8,51.9,49.2
2017-08-15,24.29,25.6,22.9,28.25,107.3,148.5,242.9,60.8,51.9,48.9
2017-08-16,23.93,25.7,22.75,28.25,107.4,147.5,248.9,62.3,52.9,48.6
2017-08-17,24.46,26.2,22.05,28.25,105.6,148.8,253.0,61.0,54.5,47.4
2017-08-18,24.04,26.2,22.4,28.2,105.6,149.2,253.0,60.9,54.4,47.5
2017-08-21,24.11,26.4,22.2,28.25,106.0,148.9,257.0,61.1,55.4,47.75
2017-08-22,23.64,27.4,22.0,28.25,105.1,148.5,246.2,60.7,56.5,47.1
2017-08-23,23.75,27.6,22.0,28.28,104.0,148.5,254.7,61.0,57.5,47.2
2017-08-24,23.93,28.5,22.8,28.25,105.4,148.3,254.7,61.4,60.0,47.7
2017-08-25,24.07,28.6,22.95,28.25,105.6,148.5,253.0,61.4,60.0,47.5
2017-08-28,24.21,28.5,23.05,28.1,105.9,148.3,252.5,63.0,60.0,47.6
2017-08-29,24.57,28.7,22.95,28,107.1,147.5,249.0,62.6,59.5,47.75
2017-08-30,24.61,28.6,23.2,28,109.5,148.0,250.0,62.6,59.2,47.8
2017-08-31,24.89,29.0,23.75,28,109.4,148.4,251.0,62.6,59.8,48.5
2017-09-01,25.04,28.9,23.45,28,109.4,151.5,254.5,63.5,59.8,48.6
2017-09-05,25.07,28.6,23.35,28,108.0,152.6,255.0,64.7,58.5,48.5
2017-09-06,25.29,28.1,23.35,28,108.0,151.0,263.0,65.1,58.3,48.2
2017-09-07,25.71,27.5,23.2,27.95,108.4,149.5,271.2,66.4,59.5,47.9
2017-09-08,25.36,27.8,22.75,27.9,109.5,149.1,281.7,67.3,58.9,47.7
2017-09-11,25.68,28.4,22.45,27.7,110.5,148.4,285.0,66.0,57.8,47.35
2017-09-12,25.21,28.2,23.0,27.7,112.0,148.1,281.0,66.0,58.6,48.1
2017-09-13,25.32,28.1,23.0,28,114.5,148.2,277.3,66.6,59.2,48.75
2017-09-14,26.36,28.2,23.1,28,114.5,148.3,272.5,69.0,57.7,48.35
2017-09-15,26.21,28.1,22.9,28,113.8,148.0,272.0,68.5,60.0,48.2
2017-09-18,26.43,28.1,23.0,27.8,114.2,149.0,276.5,68.4,61.5,48.35
2017-09-19,26.89,28.4,22.9,24.4,113.7,148.4,275.0,67.8,61.5,48.4
2017-09-20,27.14,29.2,22.95,24,114.0,148.9,273.0,67.8,64.0,48.65
2017-09-21,27.07,30.1,23.15,24,114.1,148.0,265.0,68.0,64.2,49.4
2017-09-22,26.79,30.6,22.95,24,116.9,147.7,266.2,68.5,64.0,49.45
2017-09-25,26.93,30.1,22.9,23.7,118.0,148.0,261.5,68.5,63.9,48.85
2017-09-26,26.79,30.3,22.75,23.7,117.1,148.1,258.0,69.5,68.2,49.0
2017-09-27,26.71,30.6,22.7,23.5,115.0,148.0,255.0,70.7,69.6,49.0
2017-09-28,26.93,30.4,22.55,24,115.3,149.0,266.1,70.7,67.9,48.95
2017-09-29,26.96,30.3,21.75,24,116.3,149.2,260.0,69.1,67.9,48.75
2017-10-02,27.79,30.9,21.6,24.4,117.3,148.5,258.0,69.5,67.7,48.2
2017-10-03,27.89,30.5,21.55,24.8,118.0,147.9,256.8,68.8,67.0,47.85
2017-10-04,27.71,31.3,22.4,25.1,118.0,148.5,260.4,69.5,66.7,48.05
2017-10-05,28.32,31.9,22.1,25.2,117.0,149.0,260.0,68.0,66.6,48.3
2017-10-06,27.71,31.9,23.1,25.2,117.5,149.0,260.1,67.8,67.0,48.75
2017-10-09,27.75,32.0,23.2,25.1,119.0,148.9,260.1,67.5,67.0,48.8
2017-10-10,28.18,31.8,23.35,25.2,123.5,148.5,260.1,67.1,66.3,49.3
2017-10-11,28.36,32.4,23.3,25.25,122.2,148.5,261.8,68.2,68.8,49.9
2017-10-12,28.25,32.7,23.1,25.8,123.0,148.0,266.0,68.9,69.5,51.0
2017-10-13,28.21,32.8,23.35,26,125.0,149.4,272.0,70.0,68.8,51.2
2017-10-16,27.82,32.9,23.1,25.9,127.5,148.6,272.0,69.4,69.0,51.4
2017-10-17,27.14,32.4,23.45,25.55,127.6,149.1,279.0,69.4,68.9,51.5
2017-10-18,27.86,31.7,23.1,25.1,128.5,149.0,281.5,69.5,68.8,50.5
2017-10-19,27.43,30.7,22.6,25.4,132.0,148.8,278.0,70.3,68.5,50.6
2017-10-20,27.0,31.1,22.5,25.45,127.5,148.5,270.0,70.7,69.1,50.3
2017-10-23,26.75,31.9,22.2,25.4,125.5,148.0,280.0,68.1,73.0,49.3
2017-10-24,26.5,31.5,22.35,25.8,128.0,149.0,280.5,69.7,71.0,49.3
2017-10-25,26.79,31.9,22.7,25.9,131.3,150.5,279.4,69.8,71.9,49.7
2017-10-26,26.68,31.3,22.5,25.9,130.3,151.8,282.0,68.6,70.0,49.6
2017-10-27,26.43,30.6,23.0,25.9,131.0,152.4,280.5,69.3,70.8,50.2
2017-10-30,26.93,30.7,22.6,25.95,129.8,151.9,287.0,72.9,70.0,50.0
2017-10-31,26.29,29.8,22.6,25.95,128.5,151.0,285.6,71.5,71.0,50.4
2017-11-01,26.43,30.4,22.65,26,126.9,155.0,286.9,73.0,70.6,50.8
2017-11-02,25.5,30.8,22.45,25.95,120.0,155.9,289.0,72.6,69.8,50.5
2017-11-03,24.86,30.8,22.65,25.95,125.5,155.2,290.0,73.5,72.0,51.0
2017-11-06,25.86,31.4,22.9,26,127.0,158.0,290.0,75.0,73.8,51.4
2017-11-07,26.36,31.5,23.25,26,126.3,157.8,285.1,74.7,75.2,51.2
2017-11-08,26.36,32.0,23.8,26,128.0,160.2,281.5,76.6,77.4,53.0
2017-11-09,26.46,31.8,23.5,26.9,129.0,162.5,278.1,76.8,81.0,52.6
2017-11-10,26.46,32.2,23.55,26.7,128.9,173.8,276.5,76.8,80.5,52.2
2017-11-13,26.61,32.5,23.05,26.75,128.0,184.5,276.2,79.5,81.4,54.0
2017-11-14,26.18,33.1,23.1,26.75,134.5,180.0,274.2,80.0,82.5,53.9
2017-11-15,26.71,33.1,22.9,26.75,133.5,181.8,270.9,79.7,82.4,56.9
2017-11-16,27.68,32.8,23.3,26.9,134.5,183.2,280.0,79.9,83.3,57.0
2017-11-17,27.61,32.8,23.6,28.7,134.0,183.2,280.0,79.4,81.5,56.7
2017-11-20,27.29,33.9,23.75,30.35,136.5,187.0,280.6,80.8,85.5,57.9
2017-11-21,26.71,34.0,24.0,29.65,136.5,189.0,293.0,81.0,82.5,57.2
2017-11-22,26.82,34.1,24.2,29.5,137.5,184.9,308.4,82.7,81.0,58.0
2017-11-23,27.36,34.2,24.7,29,136.8,184.9,309.0,80.6,82.0,57.6
2017-11-24,27.29,34.0,24.75,29.5,136.6,185.0,318.8,80.2,83.0,57.9
2017-11-27,27.93,34.5,24.4,29.5,133.0,185.0,303.0,81.1,83.4,58.2
2017-11-28,28.04,34.9,24.25,29.6,132.6,185.0,320.0,79.8,84.0,57.5
2017-11-29,28.14,35.2,25.0,29.5,134.5,185.0,339.0,79.8,88.0,59.3
2017-11-30,28.07,36.5,25.6,29.5,135.0,186.7,329.0,79.7,96.5,58.4
2017-12-01,29.43,35.0,25.5,29.3,135.9,196.0,330.0,81.8,90.3,58.4
2017-12-04,29.64,34.9,25.85,29.05,136.2,203.0,332.3,81.4,89.0,58.8
2017-12-05,30.0,36.2,24.9,29.2,132.7,199.0,330.0,82.7,90.0,57.3
2017-12-06,29.71,36.0,24.9,28.8,129.7,195.0,328.0,83.3,89.3,56.8
2017-12-07,30.18,35.4,24.7,28.6,128.7,186.0,319.4,85.0,87.0,56.1
2017-12-08,29.96,34.6,24.9,28.6,129.0,188.1,309.0,85.7,86.5,55.5
2017-12-11,29.43,33.8,24.0,28.35,127.2,191.0,293.0,83.2,85.5,53.5
2017-12-12,28.71,34.2,24.0,27.85,126.5,194.5,313.0,87.0,86.5,53.7
2017-12-13,28.36,34.2,23.25,27.85,124.1,194.8,314.0,86.6,88.1,54.7
2017-12-14,28.79,35.1,24.0,28.25,129.5,201.0,309.0,85.8,89.9,55.9
2017-12-15,29.04,34.8,24.25,28.25,132.0,197.0,309.2,87.0,91.0,56.5
2017-12-18,29.79,34.8,24.7,27.5,132.0,205.0,309.2,92.5,93.1,56.3
2017-12-19,30.71,34.7,24.55,27.7,134.0,203.0,287.6,90.4,96.8,55.2
2017-12-20,31.14,34.6,24.9,27.7,133.0,202.0,267.5,92.1,97.5,56.3
2017-12-21,31.43,34.5,24.95,27.7,129.5,203.9,249.2,92.4,97.4,56.4
2017-12-22,31.5,34.7,25.25,27.5,132.0,202.9,251.0,93.1,99.2,57.1
2017-12-25,31.68,36.5,25.0,28.45,131.0,200.0,264.6,94.3,103.0,57.6
2017-12-26,31.32,36.8,25.0,28.5,132.0,202.9,257.0,97.5,110.0,57.1
2017-12-27,31.36,36.9,25.1,28,130.0,205.0,252.2,98.8,108.5,56.7
2017-12-28,32.43,38.8,25.65,27.5,130.8,205.2,249.2,98.7,119.0,57.2
2017-12-29,32.71,38.7,25.4,27.4,131.0,208.6,249.3,97.4,114.5,57.1
2018-01-02,33.46,38.8,26.55,27.4,132.0,211.5,252.3,95.3,119.0,59.8
2018-01-03,34.07,38.8,26.3,28,134.6,213.9,265.0,97.4,119.0,59.8
2018-01-04,34.0,40.1,26.35,29.4,134.9,214.8,267.5,102.0,116.6,61.0
2018-01-05,34.43,40.3,26.15,29.15,133.4,213.5,264.3,100.4,112.0,60.0
2018-01-08,34.29,39.8,27.45,28.85,131.3,210.0,261.0,100.4,106.5,60.9
2018-01-09,35.36,40.0,27.7,29,131.5,207.0,261.0,102.0,110.0,62.1
2018-01-10,37.79,39.1,27.75,28.9,132.7,211.0,259.5,103.0,111.9,61.5
2018-01-11,36.93,39.0,28.15,28.9,131.9,210.0,261.0,103.2,108.7,61.5
2018-01-12,36.93,38.8,27.5,29,130.2,209.9,260.7,100.5,106.5,60.2
2018-01-15,37.21,39.0,28.3,29,130.5,208.5,260.5,102.2,105.5,61.0
2018-01-16,39.0,39.5,28.55,28.5,130.9,208.3,259.0,103.5,105.0,61.0
2018-01-17,40.0,39.5,27.4,28.6,128.0,201.1,258.0,99.9,105.0,59.0
2018-01-18,38.29,40.2,28.0,29.2,129.5,205.6,257.8,100.1,108.0,59.0
2018-01-19,40.0,41.4,27.8,30.6,127.5,205.6,255.5,99.0,114.0,58.9
2018-01-22,42.64,41.1,28.0,32.7,128.5,211.6,261.0,105.9,111.8,60.9
2018-01-25,45.43,41.8,29.7,34.95,129.0,207.0,258.0,113.3,109.1,61.1
2018-01-26,43.93,42.1,31.5,34.9,127.2,211.8,252.1,116.4,108.4,60.8
2018-01-29,45.64,42.0,33.1,34.1,123.8,206.5,245.0,115.9,103.0,60.3
2018-01-30,43.93,41.6,32.8,34.5,125.9,204.5,246.0,116.5,104.2,64.0
2018-01-31,43.79,41.7,31.9,34.5,125.5,203.5,247.0,124.6,99.9,62.9
2018-02-01,44.5,41.0,30.7,34.5,134.2,203.0,245.0,122.2,96.4,61.6
2018-02-02,43.57,41.5,31.0,34.3,126.6,207.0,247.0,121.0,99.0,61.0
2018-02-05,43.64,40.0,29.0,32.5,123.5,203.1,238.9,112.6,94.0,57.1
2018-02-06,40.71,38.9,27.8,31,119.0,197.9,232.7,104.8,88.0,54.2
2018-02-07,41.43,40.7,29.2,31.7,120.5,200.3,232.8,110.0,91.0,56.6
2018-02-08,42.5,39.5,28.3,31.7,118.7,197.1,225.0,104.0,92.3,55.2
2018-02-09,42.64,39.9,28.9,31.4,112.0,191.0,225.0,96.8,91.9,55.0
2018-02-12,41.64,42.0,30.9,31.4,113.9,192.0,233.0,103.5,93.0,57.1
2018-02-13,42.0,43.7,31.5,31.4,120.0,193.5,233.9,108.0,92.0,59.0
2018-02-21,43.29,44.5,31.7,31.7,123.0,203.2,241.0,112.0,93.0,59.4
2018-02-22,42.86,44.2,31.55,31.9,119.0,201.0,237.8,106.0,92.0,58.4
2018-02-23,42.07,44.7,33.0,32.9,119.8,202.0,240.0,111.0,92.2,60.5
2018-02-26,44.0,45.3,32.55,33.1,121.0,200.0,242.7,113.0,93.0,60.4
2018-02-27,46.0,46.4,32.8,32.9,126.0,200.0,241.5,113.5,93.0,59.8
2018-02-28,45.79,47.0,34.4,34.5,124.0,196.0,235.2,113.9,100.0,59.8
2018-03-01,47.14,46.0,33.9,35,122.5,196.0,232.0,116.0,99.6,60.8
2018-03-02,47.64,46.5,34.2,36.6,121.5,199.3,228.0,117.0,99.1,61.1
2018-03-05,47.36,44.0,32.5,37.45,119.5,202.4,226.0,112.0,98.0,61.5
2018-03-06,44.07,45.9,34.0,36.8,117.0,202.0,220.5,117.0,98.9,63.3
2018-03-07,45.64,45.2,33.0,36,114.1,206.1,221.0,114.8,97.5,62.2
2018-03-08,43.64,45.3,33.05,35.8,115.1,209.0,220.1,114.6,97.9,62.2
2018-03-09,44.14,46.8,33.5,34.8,116.1,208.0,220.4,112.0,98.7,61.6
2018-03-12,43.93,48.6,33.8,35.8,117.0,206.0,220.2,116.2,99.4,61.4
2018-03-13,44.29,49.2,34.7,36,116.0,210.0,217.0,115.0,98.0,60.1
2018-03-14,43.93,49.2,34.8,35.4,115.0,213.0,214.6,118.2,95.7,60.8
2018-03-15,44.14,49.4,35.95,35.4,113.5,210.2,214.0,121.0,92.4,60.6
2018-03-16,43.29,50.4,36.0,35.85,113.4,214.0,228.5,128.0,95.0,60.1
2018-03-19,43.0,51.7,35.9,35.6,117.0,212.0,225.0,128.5,91.7,60.5
2018-03-20,45.07,48.4,36.4,36.4,120.0,209.0,226.0,126.0,89.5,61.3
2018-03-21,43.93,47.9,36.8,36.85,120.0,209.0,226.0,127.2,91.0,61.0
2018-03-22,45.0,47.0,36.0,36.95,118.1,209.0,231.0,133.8,91.2,60.1
2018-03-23,44.86,46.0,35.5,35.8,116.2,207.0,235.4,130.9,89.6,58.6
2018-03-26,43.86,47.3,35.8,35.8,115.0,208.5,244.2,129.6,91.5,59.2
2018-03-27,42.07,47.5,35.8,35.9,114.0,213.0,244.0,126.8,96.8,59.5
2018-03-28,42.43,46.9,35.4,36.7,113.2,211.0,239.1,127.0,96.0,58.9
2018-03-29,42.79,46.6,35.2,36.3,113.1,207.0,239.1,126.5,100.5,59.5
2018-03-30,43.43,46.7,34.7,36.25,112.8,203.0,240.6,131.4,106.1,60.7
2018-04-02,43.14,49.2,35.8,37,110.1,199.7,238.0,136.1,104.9,61.5
2018-04-03,42.14,49.0,36.7,36.95,103.0,193.7,229.0,133.0,103.5,61.2
2018-04-04,41.79,49.1,36.5,39.1,104.9,200.0,226.0,130.0,98.9,61.7
2018-04-05,42.14,49.8,36.7,38.9,105.4,197.3,227.2,129.9,95.4,63.0
2018-04-06,42.0,50.9,36.6,39.15,105.3,198.2,227.2,129.8,94.0,62.7
2018-04-09,43.14,51.1,36.8,39.8,103.4,197.8,225.0,129.8,96.0,63.4
2018-04-10,43.43,50.5,36.55,40.05,101.0,197.0,230.0,129.5,93.8,64.4
2018-04-11,43.43,48.8,35.2,41.3,99.8,196.0,230.0,126.5,93.0,63.0
2018-04-12,43.21,49.9,34.8,42,103.5,196.3,230.0,130.5,94.2,63.6
2018-04-13,44.07,48.5,33.1,42,105.4,195.7,227.8,128.0,94.4,62.0
2018-04-16,43.71,48.6,33.6,42,106.0,190.0,229.5,127.3,93.7,61.1
2018-04-17,42.93,49.5,34.5,42,105.2,184.5,229.0,128.0,92.9,62.0
2018-04-18,42.64,48.9,33.65,41.6,103.0,187.5,228.0,129.3,92.0,62.0
2018-04-19,42.14,47.7,31.9,41.3,98.0,187.5,212.2,129.3,92.1,60.7
2018-04-20,40.71,48.1,32.85,40.9,102.1,186.0,222.0,134.0,91.7,61.3
2018-04-23,42.0,44.5,30.6,38.15,107.0,182.4,217.5,124.7,90.5,58.0
2018-04-24,39.71,44.4,30.55,37,105.7,180.0,217.0,128.8,89.9,56.4
2018-04-26,40.0,40.6,28.5,36.5,100.8,181.0,219.0,119.8,89.7,55.0
2018-04-27,38.21,42.4,29.9,36.5,102.0,185.0,213.0,111.5,89.5,57.0
2018-05-02,38.43,42.0,29.3,34.55,101.5,184.5,213.1,103.7,88.0,57.0
2018-05-03,38.86,43.5,30.25,33.95,101.6,185.0,217.3,96.5,88.2,58.0
2018-05-04,38.79,43.6,30.7,33.75,101.5,184.0,219.0,98.0,88.2,58.8
2018-05-07,38.57,46.0,32.2,34.15,108.0,190.0,234.3,103.5,91.7,59.6
2018-05-08,40.0,45.4,31.5,33.7,105.6,185.1,234.9,103.0,90.0,59.0
2018-05-09,40.71,44.4,31.2,35.3,105.9,185.0,234.0,107.5,89.9,58.4
2018-05-10,40.71,42.4,29.55,34.7,100.0,180.0,234.0,105.0,89.5,58.3
2018-05-11,39.43,44.0,30.55,34.7,103.0,178.0,236.0,111.1,89.6,59.5
2018-05-14,39.79,44.3,31.0,34.9,105.0,178.0,246.0,118.0,90.0,61.6
2018-05-15,39.86,44.5,31.0,35.35,106.8,176.0,250.0,118.6,88.0,61.4
2018-05-16,39.57,43.0,30.3,35.7,105.0,169.1,252.0,119.7,88.0,60.5
2018-05-17,38.57,42.9,29.9,35.5,103.2,165.0,241.5,116.0,87.3,60.6
2018-05-18,37.86,42.8,30.3,35.45,106.0,171.1,252.4,115.0,87.0,60.8
2018-05-21,38.5,42.2,29.6,35.4,110.3,166.0,251.0,108.5,87.0,61.0
2018-05-22,38.0,41.1,28.8,33.85,109.0,162.0,247.9,105.9,84.4,59.7
2018-05-23,36.07,41.5,29.3,34,113.0,167.3,243.0,113.3,82.1,60.6
2018-05-24,36.93,41.0,29.25,33.6,113.7,168.0,242.8,113.2,82.0,59.5
2018-05-25,37.43,40.0,28.2,33.6,110.0,166.0,234.0,105.3,81.2,48.9
2018-05-28,37.21,36.2,26.3,31.25,102.3,165.0,232.0,98.0,80.0,45.5
2018-05-29,34.79,39.3,28.1,32.8,105.0,168.6,229.0,96.0,80.0,47.4
2018-05-30,37.14,38.4,27.55,32.5,103.0,165.5,229.0,89.3,79.2,45.45
2018-05-31,37.71,40.0,29.1,33.15,106.2,164.2,240.0,90.4,80.5,46.0
2018-06-01,40.07,40.5,29.25,33.3,109.0,168.2,245.0,92.5,81.0,46.45
2018-06-04,40.71,42.0,30.45,33.1,109.0,175.0,241.6,92.3,88.0,47.25
2018-06-05,42.86,41.7,30.45,33.05,110.9,177.0,247.6,98.7,90.5,47.8
2018-06-06,42.14,43.3,30.55,33.65,118.5,175.0,247.0,102.9,88.1,48.5
2018-06-07,43.43,42.4,30.9,33.65,116.4,177.3,248.0,99.6,88.4,47.8
2018-06-08,44.21,43.1,30.75,33.65,121.0,177.0,245.0,97.5,89.5,47.95
2018-06-11,43.79,42.6,30.3,33.25,122.7,180.1,243.0,97.2,96.2,47.5
2018-06-12,43.29,41.6,29.45,32.5,120.1,181.0,239.0,92.2,94.0,46.3
2018-06-13,42.5,41.5,29.5,32.5,122.6,181.0,235.1,96.6,92.5,46.8
2018-06-14,43.4,40.6,28.6,32.5,123.0,180.0,233.1,94.0,90.6,46.6
2018-06-15,42.6,41.3,29.4,32.4,123.8,180.0,234.6,95.9,89.0,46.5
2018-06-18,43.0,39.8,28.0,32,118.0,172.7,232.0,90.0,88.4,45.4
2018-06-19,40.2,39.0,27.5,30.9,115.0,166.3,225.0,87.0,85.0,44.5
2018-06-20,38.35,39.4,27.9,31.25,115.8,168.8,227.9,92.0,90.0,45.4
2018-06-21,40.0,38.2,27.1,31.35,114.0,170.0,226.0,89.1,88.0,44.4
2018-06-22,39.25,39.4,27.9,31.35,116.9,178.0,226.0,90.7,92.0,45.0
2018-06-25,40.95,39.3,28.2,31.15,120.9,179.2,225.3,91.0,92.5,45.1
2018-06-26,41.5,38.7,27.9,31.2,120.0,175.9,222.7,90.0,90.0,44.5
2018-06-27,41.1,37.5,27.3,31.2,118.0,175.0,222.7,90.2,92.5,44.3
2018-06-28,39.5,36.1,26.5,31,114.7,170.0,219.4,87.3,92.0,42.5
2018-06-29,38.85,35.6,26.2,31,114.0,170.0,225.5,88.5,91.5,41.5
2018-07-02,38.4,33.3,24.85,30.8,107.0,171.0,230.0,88.4,88.1,40.2
2018-07-03,38.4,31.0,23.45,30,100.1,170.0,228.1,83.0,88.0,39.0
2018-07-04,36.3,32.0,23.9,30,104.5,167.0,226.0,79.5,86.0,40.0
2018-07-05,37.1,29.9,22.55,29.5,101.7,165.0,220.0,74.0,85.0,39.5
2018-07-06,36.1,32.8,20.25,29.7,106.5,166.0,220.0,79.1,85.5,40.8
2018-07-09,36.8,33.0,20.4,29.7,105.0,167.0,220.7,79.5,84.0,40.15
2018-07-10,35.7,33.9,20.6,29.4,104.9,167.0,220.0,80.0,85.0,40.4
2018-07-11,35.5,31.9,19.4,29,101.0,167.0,220.0,77.8,82.0,39.2
2018-07-12,34.4,33.1,20.2,29.1,102.0,168.3,218.1,79.0,81.0,38.8
2018-07-13,33.75,34.2,20.8,29.45,105.0,166.3,218.0,81.8,80.7,40.6
2018-07-16,35.6,34.5,21.4,29.9,107.2,168.0,217.9,81.2,80.7,40.9
2018-07-17,35.5,35.6,22.35,30,112.0,167.9,218.0,79.0,81.0,41.9
2018-07-18,36.1,36.2,23.1,30.2,113.0,169.0,217.9,83.0,80.7,42.9
2018-07-19,37.2,35.4,22.6,30.2,115.3,170.5,215.0,84.2,80.7,42.5
2018-07-20,37.2,36.8,23.3,30.2,113.5,169.5,200.0,82.7,80.6,41.6
2018-07-23,36.7,35.7,22.85,30.1,113.9,170.0,210.5,84.6,80.5,42.0
2018-07-24,36.95,35.2,22.6,30.1,112.4,169.9,210.0,84.8,80.4,42.2
2018-07-25,35.4,34.0,22.0,30.1,110.5,169.9,207.0,83.7,80.3,42.4
2018-07-26,35.5,34.8,22.5,30,110.0,171.5,207.0,83.1,80.5,42.55
2018-07-27,36.5,35.6,23.0,30.9,113.8,168.8,207.0,84.8,80.4,43.3
2018-07-30,37.3,36.1,23.5,30.9,116.0,168.5,206.8,86.9,80.5,43.3
2018-07-31,37.05,35.8,23.45,30.1,116.8,168.2,205.5,87.8,84.5,42.8
2018-08-01,37.35,35.5,23.1,30.1,113.6,166.9,205.0,88.7,87.0,42.0
2018-08-02,37.6,35.5,22.95,30,113.8,165.0,204.0,91.0,83.9,42.7
2018-08-03,37.25,35.5,23.1,30,112.5,161.6,199.9,93.6,85.0,42.6
2018-08-06,36.3,35.2,22.85,30,111.0,159.9,199.0,96.1,88.0,42.25
2018-08-07,36.15,35.5,22.8,29.4,111.0,153.0,199.0,94.0,88.1,41.95
2018-08-08,36.15,36.7,23.3,29.6,113.9,155.5,200.0,98.0,88.3,42.5
2018-08-09,36.7,36.8,23.15,29.7,114.4,157.0,208.0,98.2,88.0,42.8
2018-08-10,36.55,37.3,23.25,29.7,115.4,157.2,209.0,98.7,88.3,43.1
2018-08-13,37.0,38.1,24.35,29.6,114.2,156.1,210.0,103.0,88.6,43.45
2018-08-14,38.3,37.5,23.85,29.55,117.7,158.1,210.0,101.2,87.9,44.3
2018-08-15,38.5,37.0,23.3,29.4,116.0,158.5,211.0,95.0,87.0,43.8
2018-08-16,37.5,36.8,23.7,29.1,118.9,158.6,212.0,94.5,87.0,43.0
2018-08-17,37.5,36.8,23.4,29.1,118.1,158.5,213.0,96.2,86.0,43.5
2018-08-20,37.7,36.7,22.9,29.1,121.0,160.1,213.0,98.2,85.0,43.7
2018-08-21,37.25,37.9,23.45,29.1,122.0,163.0,213.0,97.5,84.1,43.7
2018-08-22,37.5,37.8,23.4,29.3,121.7,163.0,213.0,100.0,83.8,44.05
2018-08-23,38.0,38.2,23.45,29.4,121.9,163.3,212.5,100.4,83.4,44.4
2018-08-24,38.1,38.8,23.5,29.8,121.0,162.2,213.0,101.5,85.1,44.45
2018-08-27,38.35,38.8,23.9,30.35,123.4,160.3,219.0,100.2,85.0,44.4
2018-08-28,38.95,38.9,23.9,31,123.0,159.3,222.0,102.2,84.9,44.2
2018-08-29,39.9,39.3,23.75,30.85,122.3,157.6,226.0,100.9,83.5,44.2
2018-08-30,39.6,39.7,24.1,30.85,123.0,156.5,226.0,105.0,83.2,44.15
2018-08-31,39.65,39.1,23.7,32,120.0,156.7,226.0,103.0,82.9,44.2
2018-09-04,39.95,38.0,23.1,31.7,118.4,156.7,223.8,103.0,82.1,44.1
2018-09-05,39.0,37.6,22.75,31.35,116.3,125.5,222.9,100.1,81.0,43.3
2018-09-06,38.6,32.7,22.45,31,116.4,122.1,222.8,100.2,80.7,42.35
2018-09-07,38.65,33.4,22.85,31.6,117.3,127.1,222.8,100.4,82.5,43.0
2018-09-10,39.7,32.8,22.65,32.6,117.4,127.6,223.0,100.8,83.5,42.55
2018-09-11,39.2,33.0,23.0,33.3,120.5,132.0,223.0,103.5,84.1,43.15
2018-09-12,40.0,32.9,22.75,33.05,120.9,132.4,222.8,109.0,83.0,43.05
2018-09-13,39.5,33.4,22.8,33.85,121.5,132.1,222.0,108.0,84.5,43.4
2018-09-14,39.75,33.7,22.6,33.4,122.0,133.0,222.8,108.0,84.6,44.55
2018-09-17,39.5,33.2,22.1,32.9,120.5,136.0,222.1,109.0,83.3,44.1
2018-09-18,39.45,33.5,22.1,33.25,122.0,138.0,223.0,109.6,85.0,44.8
2018-09-19,39.45,33.5,22.4,33.6,121.9,137.8,220.0,112.1,84.0,45.45
2018-09-20,39.65,33.8,22.6,34.55,121.5,136.0,219.9,116.0,84.0,45.9
2018-09-21,40.9,34.4,22.95,33.2,126.0,137.8,219.0,115.9,85.7,45.9
2018-09-24,41.3,34.3,23.2,33.05,126.7,137.0,218.9,117.8,87.9,46.1
2018-09-25,41.3,34.0,22.9,33.05,126.3,136.9,219.0,118.0,87.7,45.9
2018-09-26,41.25,33.9,23.0,33.05,125.0,136.5,218.9,117.1,87.0,46.05
2018-09-27,41.0,33.9,23.0,34.4,128.0,138.5,220.0,117.2,86.5,46.2
2018-09-28,41.55,34.1,23.1,34,127.2,137.3,222.5,115.7,86.2,46.3
2018-10-01,42.3,33.7,23.1,34.5,127.0,136.3,222.2,119.6,83.0,46.0
2018-10-02,42.4,33.3,22.9,34.1,127.0,137.0,225.0,121.5,86.0,45.3
2018-10-03,41.3,33.5,23.1,31.4,128.1,136.9,225.7,122.7,85.8,45.5
2018-10-04,41.3,34.0,24.0,34.7,128.9,136.9,226.0,124.0,86.0,45.85
2018-10-05,41.4,33.6,23.7,34.7,126.5,135.2,223.2,120.0,85.0,45.6
2018-10-08,41.45,33.7,23.75,34.4,128.0,133.0,223.2,116.5,84.0,45.0
2018-10-09,41.2,33.7,23.05,34.4,129.5,130.9,223.2,119.3,83.0,44.7
2018-10-10,41.0,33.6,22.75,34,131.0,130.0,226.0,121.0,82.6,45.3
2018-10-11,41.4,31.0,21.25,32.15,124.5,127.0,222.0,112.6,80.0,42.7
2018-10-12,39.9,32.0,21.8,33,127.5,128.5,222.5,119.9,82.1,43.8
2018-10-15,40.8,31.0,21.3,33.6,125.5,125.7,223.0,115.0,81.8,43.0
2018-10-16,40.35,31.3,21.75,33.1,127.4,126.0,222.0,116.8,81.9,43.25
2018-10-17,40.75,31.5,21.65,33.1,128.0,126.9,223.0,117.1,82.2,43.6
2018-10-18,41.0,31.0,21.15,32.9,126.5,126.0,222.0,114.5,82.1,43.6
2018-10-19,41.0,31.0,21.0,32.85,125.1,126.8,220.0,112.0,82.0,43.0
2018-10-22,40.75,30.8,21.1,32,124.7,125.8,222.0,112.0,82.1,43.15
2018-10-23,40.1,29.6,21.4,30.45,119.5,123.5,222.9,109.4,81.0,42.2
2018-10-24,39.5,29.3,21.05,30.5,116.5,122.6,222.0,101.8,80.4,41.8
2018-10-25,39.2,28.9,21.0,30.5,113.0,120.0,222.0,101.8,80.0,41.05
2018-10-26,39.0,28.3,21.05,31.6,108.0,121.5,221.2,101.8,80.5,40.8
2018-10-29,38.9,28.0,21.25,31.4,104.7,120.0,222.0,97.0,80.0,41.0
2018-10-30,38.85,28.5,21.35,31.6,107.1,117.3,222.2,99.0,79.0,41.0
2018-10-31,38.7,30.3,21.9,32.2,112.8,116.1,222.5,104.0,80.6,41.95
2018-11-01,40.25,29.3,21.5,31.7,110.5,114.3,222.0,101.5,80.5,41.9
2018-11-02,39.6,30.4,21.8,31.15,112.5,118.5,222.0,102.7,80.9,42.9
2018-11-05,40.0,30.2,21.85,31.15,111.4,116.5,223.0,102.3,80.6,42.55
2018-11-06,40.0,29.4,21.5,30.85,111.4,117.7,223.3,101.9,80.5,42.15
2018-11-07,39.6,29.3,21.5,30.85,112.0,119.5,225.0,99.8,80.1,41.85
2018-11-08,39.15,29.4,21.4,30.85,110.0,120.0,225.9,100.1,80.5,42.15
2018-11-09,38.9,28.7,20.9,30.8,106.0,117.0,225.9,95.0,80.4,41.25
2018-11-12,37.6,28.7,20.8,30.7,110.0,117.0,233.0,96.6,82.6,41.95
2018-11-13,37.55,28.3,20.55,30.05,107.7,116.0,237.6,93.9,81.9,41.65
2018-11-14,36.9,27.6,20.25,30.2,107.3,117.5,243.0,90.2,82.8,42.25
2018-11-15,35.8,27.5,20.45,29.85,107.0,117.0,245.0,90.4,80.4,42.2
2018-11-16,35.0,28.5,21.25,29.9,107.2,115.0,245.0,95.0,81.4,42.75
2018-11-19,35.2,29.0,21.3,29.9,84.7,115.4,245.5,96.4,81.0,43.15
2018-11-20,35.45,28.9,21.1,29.7,84.3,116.5,243.5,96.1,80.0,43.4
2018-11-21,36.5,28.9,21.35,29.65,84.8,119.2,242.0,93.9,80.9,43.4
2018-11-22,36.5,29.4,21.2,29.5,85.8,120.1,242.0,93.2,80.0,43.4
2018-11-23,35.8,29.0,20.95,29.4,84.0,118.0,241.5,92.5,80.5,43.05
2018-11-26,35.55,29.1,20.8,28.1,85.0,123.1,238.1,90.8,79.5,42.45
2018-11-27,35.6,28.8,20.65,27.8,84.4,126.5,242.0,90.6,79.7,42.75
2018-11-28,35.6,29.4,20.85,29.05,84.6,128.0,250.0,91.5,79.6,42.8
2018-11-29,35.2,29.5,20.9,30,85.0,126.3,250.0,90.1,79.0,42.9
2018-11-30,34.2,29.8,21.55,30.05,84.5,128.0,250.0,90.8,80.5,42.9
2018-12-03,33.2,31.3,22.15,31,88.0,133.6,251.0,97.0,81.0,44.9
2018-12-04,34.8,31.1,22.0,31,88.0,136.5,248.0,96.5,81.0,44.95
2018-12-05,34.6,31.0,22.2,30.4,88.8,133.0,245.5,96.1,81.0,44.6
2018-12-06,35.3,30.8,22.5,30.4,87.9,131.7,247.0,95.1,81.2,44.4
2018-12-07,34.6,30.6,22.5,30.4,88.6,133.9,247.3,96.3,81.0,45.1
2018-12-10,34.65,30.5,22.1,29.903,88.0,135.0,248.0,97.7,81.0,44.2
2018-12-11,33.75,30.6,22.25,29.9,87.8,134.8,253.0,96.1,80.3,44.05
2018-12-12,33.45,30.9,22.5,30.7,89.5,134.0,253.0,97.0,81.8,44.45
2018-12-13,33.6,30.7,22.2,30.75,89.0,135.0,250.2,97.1,84.3,44.6
2018-12-14,34.0,30.4,21.8,30.9,87.9,135.0,250.4,95.8,84.5,44.15
2018-12-17,33.5,29.6,21.25,30.8,85.0,133.9,250.4,93.0,82.6,43.0
2018-12-18,32.4,29.6,21.3,30.7,85.3,131.7,250.4,93.5,82.0,42.0
2018-12-19,31.1,29.6,21.15,30.8,85.8,129.1,250.0,92.0,83.6,42.1
2018-12-20,29.7,29.6,20.95,31.6,85.5,126.2,247.0,93.5,83.8,42.05
2018-12-21,29.95,29.4,20.95,31.4,87.0,122.5,247.0,91.7,83.8,42.5
2018-12-24,29.95,29.0,20.45,31.5,86.5,125.6,246.9,89.0,83.0,42.0
2018-12-25,30.5,28.8,19.7,31.45,85.4,124.6,246.9,85.8,83.0,41.5
2018-12-26,30.4,28.7,19.6,31.45,85.4,124.0,249.0,83.0,83.7,41.4
2018-12-27,30.3,29.4,19.7,32.3,86.4,123.2,250.8,86.5,86.0,41.8
2018-12-28,30.95,29.6,19.45,33,87.0,120.0,267.5,86.6,90.0,42.2
2019-01-02,30.95,29.2,19.35,31.15,85.5,124.0,248.8,86.8,88.3,41.2
2019-01-03,30.8,28.1,18.5,31.15,83.0,122.9,245.5,84.7,86.8,40.8
2019-01-04,29.5,28.2,18.6,31.15,83.6,125.0,243.2,84.5,84.4,41.1
2019-01-07,29.7,28.7,18.95,31.1,85.0,131.0,244.0,86.3,85.5,41.8
2019-01-08,29.35,28.5,18.85,31.1,84.0,130.0,244.0,88.3,87.8,42.0
2019-01-09,28.85,29.0,19.35,30.9,85.4,131.9,244.0,89.9,88.0,42.4
2019-01-10,29.5,28.9,19.35,30.8,86.0,131.7,240.0,91.3,87.8,42.15
2019-01-11,29.8,28.9,19.25,30.5,85.0,134.0,240.0,91.0,89.3,42.2
2019-01-14,29.35,28.7,19.0,30.15,85.0,135.0,240.0,89.5,88.4,42.5
2019-01-15,29.3,29.1,19.5,30.05,85.7,134.9,239.6,90.3,88.8,42.8
2019-01-16,29.3,28.8,19.45,30.05,85.3,133.0,239.0,90.6,87.8,42.55
2019-01-17,29.45,28.9,19.75,30,85.3,132.2,239.4,89.0,86.2,42.55
