DTYYYYMMDD,HPG,REE,MSN,MBB,VIC,DPM,SBT,CTG,SSI,VCB,GMD,FPT,VNM,STB
20160125,7.86,17.51,47.07,9.07,29.36,20.41,17.97,15.91,17.81,29.0,18.68,23.65,71.38,11.6
20160126,7.63,17.65,46.75,9.01,29.17,20.12,17.69,16.1,17.3,28.23,18.27,23.04,69.56,11.1
20160127,7.75,17.72,46.75,9.07,28.87,20.48,18.88,16.19,17.47,28.16,18.54,23.24,70.77,11.2
20160128,7.66,17.58,46.43,9.27,29.36,20.41,18.95,15.91,17.3,28.16,18.41,23.09,70.17,11.3
20160129,7.95,18.08,46.12,9.2,28.93,20.77,18.74,15.91,17.47,28.79,18.41,23.29,70.17,11.3
20160201,7.72,18.01,45.48,9.2,28.57,20.84,17.48,15.82,17.3,28.3,18.54,23.39,71.98,11.2
20160202,7.75,18.15,44.84,9.2,28.57,20.77,16.57,15.82,17.3,28.09,18.45,23.19,71.98,11.1
20160203,7.75,18.08,45.8,9.14,28.57,21.13,16.99,15.73,17.39,27.54,18.5,23.39,73.19,11.1
20160204,7.81,18.08,46.75,9.27,28.57,21.28,17.41,15.91,17.56,27.82,18.54,23.34,73.8,11.2
20160205,7.81,18.22,46.75,9.39,28.32,21.21,17.69,15.91,17.9,27.89,18.73,23.55,75.01,11.2
20160215,7.63,18.43,45.8,9.58,27.65,20.99,18.18,15.91,17.73,28.02,18.64,23.44,76.22,11.0
20160216,7.72,18.29,45.8,9.58,27.72,20.84,18.39,15.82,17.81,28.02,18.73,23.75,77.43,10.9
20160217,7.72,18.51,45.8,9.52,27.65,20.77,18.88,15.82,17.9,27.68,18.82,23.85,78.64,10.6
20160218,7.75,18.51,45.8,9.52,27.96,20.77,19.37,16.1,18.07,28.02,18.59,24.15,78.03,11.0
20160219,7.81,18.29,45.48,9.9,27.41,20.55,19.93,15.91,18.07,27.89,18.22,23.95,78.03,11.0
20160222,7.86,18.36,47.39,9.9,27.47,20.63,20.07,15.91,19.01,28.09,18.18,24.2,78.64,10.8
20160223,7.86,18.36,47.07,9.78,27.72,20.63,19.58,15.82,19.09,28.51,18.22,24.0,78.64,10.9
20160224,7.86,18.51,46.75,9.78,27.59,20.92,19.37,16.84,19.43,29.42,18.18,24.0,79.24,11.2
20160225,7.89,18.36,45.8,9.65,27.65,20.55,19.37,17.02,19.09,29.07,17.85,23.9,78.03,11.1
20160226,8.21,18.36,47.07,9.58,27.35,20.55,20.28,16.93,19.18,29.21,18.27,23.95,78.64,11.2
20160229,8.07,18.21,45.8,9.33,26.8,20.63,19.93,16.47,19.18,28.51,18.13,24.0,77.43,11.0
20160301,7.92,19.33,45.8,9.65,26.8,20.63,19.3,16.28,19.35,28.3,18.08,24.2,78.64,10.9
20160302,7.86,19.03,46.43,9.58,27.35,21.21,19.37,16.56,19.77,29.0,17.99,24.45,79.85,11.1
20160303,7.81,18.59,47.39,9.58,27.59,21.5,18.95,16.65,19.69,28.93,18.04,24.5,79.24,11.0
20160304,7.95,18.81,47.39,9.58,27.84,21.64,19.3,16.47,19.43,29.07,17.95,24.6,79.85,11.0
20160307,8.04,18.66,47.39,9.46,27.84,21.28,20.07,16.47,19.35,29.07,18.41,24.4,79.24,11.0
20160308,8.35,18.51,47.71,9.46,28.2,21.06,19.44,16.37,19.09,28.93,18.31,24.1,79.24,10.9
20160309,8.24,18.36,48.02,9.52,28.26,21.06,18.95,16.1,19.18,28.79,18.5,24.1,79.24,10.9
20160310,8.27,18.36,47.39,9.58,28.26,20.99,20.21,16.19,19.52,28.93,18.5,24.2,79.24,10.9
20160311,8.33,18.44,46.75,9.52,27.59,20.99,19.72,16.1,19.43,28.93,18.64,24.35,82.27,11.0
20160314,8.67,18.51,47.71,9.39,27.59,21.28,20.91,16.1,19.35,29.0,18.59,24.45,81.66,11.0
20160315,8.67,18.29,46.75,9.39,27.35,21.13,20.77,16.0,19.18,29.21,18.41,24.35,82.27,10.8
20160316,8.64,18.36,46.43,9.39,27.11,21.35,21.26,16.0,19.01,30.04,18.54,24.35,82.87,10.7
20160317,8.67,18.59,46.12,9.46,27.35,21.21,21.54,16.1,18.92,29.69,18.36,24.35,83.48,10.8
20160318,8.59,18.51,45.48,9.46,26.8,20.92,20.07,16.0,18.75,29.55,18.31,24.75,83.48,10.4
20160321,8.61,18.36,44.53,9.39,27.47,20.92,19.58,16.0,18.75,29.83,18.08,24.7,81.66,10.6
20160322,8.53,18.29,44.53,9.33,27.65,20.92,19.86,15.82,18.41,30.11,18.08,24.45,80.45,10.6
20160323,8.47,18.36,45.8,9.33,27.59,20.99,19.93,15.91,18.5,29.83,17.95,24.45,81.06,10.6
20160324,8.33,18.36,46.75,9.27,27.41,20.99,19.86,15.63,18.58,29.28,17.95,24.3,81.66,10.3
20160325,8.38,18.21,47.07,9.33,27.84,20.92,19.86,15.63,18.41,29.76,17.99,24.05,81.06,10.4
20160328,8.64,18.14,47.39,9.33,28.38,20.84,19.72,15.63,18.41,29.76,18.04,24.1,81.66,10.3
20160329,8.61,18.14,46.12,9.27,28.44,20.84,19.44,15.36,17.98,29.21,17.99,23.85,81.06,10.1
20160330,8.53,18.29,46.12,9.2,28.57,20.99,20.14,15.45,18.15,29.28,17.95,23.85,82.27,10.3
20160331,8.53,18.14,45.48,9.14,28.69,20.92,20.28,15.17,17.98,28.51,17.95,23.65,81.06,10.3
20160401,8.38,17.92,45.16,9.01,28.69,20.84,19.93,15.08,18.07,28.44,17.72,23.5,81.06,10.3
20160404,8.44,17.77,44.53,9.01,28.63,20.84,20.14,15.26,18.15,28.44,17.44,23.5,81.06,10.3
20160405,8.47,17.69,44.84,9.07,28.63,20.84,20.21,15.17,18.5,28.51,17.67,23.6,82.87,10.2
20160406,8.73,17.77,45.16,9.27,28.93,20.99,20.49,15.45,18.58,29.21,17.81,23.8,82.87,10.3
20160407,8.7,17.77,45.16,9.27,28.69,20.92,21.05,15.45,18.67,29.0,17.67,24.0,85.29,10.1
20160408,8.9,17.62,44.21,9.2,28.87,20.84,20.91,15.45,18.5,28.79,17.72,23.9,86.5,10.1
20160411,9.11,17.69,45.16,9.27,30.69,20.77,21.33,15.26,18.67,28.93,18.22,24.05,86.5,10.1
20160412,9.16,17.69,44.53,9.2,31.61,20.7,21.89,14.99,18.58,29.28,18.27,23.95,86.5,10.1
20160413,8.99,17.55,43.89,9.2,31.61,20.92,21.75,14.99,18.5,29.14,18.04,23.9,85.9,10.2
20160414,9.08,17.55,44.21,9.27,31.91,20.92,21.4,14.89,18.5,29.42,18.04,23.85,85.9,10.2
20160415,9.05,17.32,44.21,9.14,31.61,20.84,21.75,14.99,18.41,29.55,17.9,23.7,86.5,10.1
20160419,8.93,17.03,43.89,9.2,30.21,20.84,21.96,14.8,18.15,29.48,17.62,23.6,84.08,10.0
20160420,9.02,16.95,42.93,9.27,30.69,21.5,22.24,14.8,18.07,29.76,17.72,23.65,82.27,10.0
20160421,9.11,17.1,44.53,9.33,31.3,21.35,22.73,14.8,18.07,29.83,17.76,23.75,82.87,10.2
20160422,9.45,17.69,43.89,9.52,33.12,21.21,23.36,15.54,18.32,31.78,18.04,24.0,84.69,10.2
20160425,9.54,17.62,43.57,9.52,31.91,21.21,23.22,15.82,18.84,31.92,17.85,24.05,84.08,10.3
20160426,9.54,17.69,43.89,9.52,32.82,21.28,23.5,15.63,19.09,32.82,18.41,24.05,84.69,10.2
20160427,9.45,17.62,44.21,9.39,32.21,21.57,23.64,15.26,18.67,31.99,18.31,23.95,83.48,10.2
20160428,9.4,17.55,43.89,9.46,31.61,21.35,23.36,14.99,18.5,32.13,18.64,24.3,83.48,10.3
20160429,9.68,17.55,44.53,9.65,31.91,21.35,23.22,15.36,18.24,31.99,19.05,24.4,84.08,10.3
20160504,10.12,17.47,45.16,9.65,31.0,21.86,23.5,15.17,18.24,32.06,19.51,24.15,85.9,10.2
20160505,10.12,17.69,45.16,9.65,31.3,21.71,23.57,15.45,18.24,32.75,19.28,24.0,85.9,10.3
20160506,9.83,17.84,46.12,9.78,31.91,21.78,23.5,16.0,18.24,33.8,18.96,23.85,85.9,10.3
20160509,9.8,17.62,45.48,9.78,31.61,21.71,22.87,16.0,18.07,33.38,19.23,23.7,87.11,10.3
20160510,9.68,17.55,45.48,9.71,31.61,21.78,22.03,16.1,17.73,33.8,19.28,23.75,86.5,10.4
20160511,9.97,17.91,45.8,9.78,32.52,21.86,22.31,16.65,17.39,34.07,19.6,23.95,88.32,10.3
20160512,9.83,17.83,45.8,9.65,32.52,21.86,22.73,16.37,17.39,33.38,19.56,23.8,87.71,11.0
20160513,9.63,17.66,44.84,9.65,32.52,21.71,21.82,16.37,17.22,33.1,19.56,23.8,87.11,11.7
20160516,9.6,17.57,45.16,9.58,33.43,21.86,21.47,16.19,17.56,33.59,19.46,23.75,88.32,12.1
20160517,9.71,17.91,45.16,9.58,33.12,21.86,21.82,16.65,17.73,33.59,20.25,23.9,88.92,12.7
20160518,9.57,17.91,45.48,9.78,32.52,22.0,21.68,16.56,17.64,34.07,20.15,23.95,87.71,12.6
20160519,9.6,17.83,44.53,9.97,32.52,21.86,21.82,16.37,17.56,33.45,20.66,23.95,87.71,12.4
20160520,9.6,17.83,44.21,10.03,31.3,22.07,22.1,16.19,17.64,32.96,20.71,24.05,88.32,11.9
20160523,9.74,17.74,44.21,9.84,31.61,22.0,21.89,15.82,17.73,32.06,20.94,24.0,88.32,11.7
20160524,9.74,17.83,45.16,9.9,31.61,21.69,21.47,16.0,17.64,31.92,20.38,23.95,87.71,11.5
20160525,9.74,18.0,44.53,9.71,31.61,21.77,22.59,16.0,17.56,31.99,19.6,23.95,87.11,11.2
20160526,9.6,17.83,43.89,9.78,31.0,21.46,22.73,15.82,17.47,31.5,19.74,23.85,85.29,11.0
20160527,9.63,17.91,43.89,9.84,31.3,21.31,22.59,16.1,17.73,31.5,20.34,24.18,86.5,11.3
20160530,9.77,17.91,43.89,9.97,32.52,21.24,22.38,16.28,18.41,32.54,19.98,24.24,85.9,11.1
20160531,9.77,17.74,44.21,9.97,31.91,20.93,22.17,16.47,18.32,32.48,19.84,24.06,85.9,11.0
20160601,9.94,17.74,43.89,9.97,32.52,21.24,22.31,16.47,18.15,32.61,19.84,24.06,85.29,11.1
20160602,10.18,17.74,43.89,9.97,32.52,21.16,22.1,16.56,18.24,32.75,20.63,24.06,85.29,11.2
20160603,10.29,17.74,43.89,9.84,32.82,21.16,22.24,16.47,18.15,32.89,20.99,24.0,85.29,11.3
20160606,10.23,17.66,43.57,9.78,32.52,21.16,22.73,16.28,17.98,33.24,20.56,23.83,83.45,12.0
20160607,10.49,17.83,43.89,9.9,33.12,21.31,23.29,16.1,18.07,33.45,20.42,23.88,84.07,11.9
20160608,10.67,17.91,44.53,9.84,33.12,21.77,24.89,16.28,18.32,33.31,20.49,24.0,84.68,12.1
20160609,10.61,17.83,44.21,9.9,33.12,21.54,25.24,16.47,18.58,33.45,20.56,23.88,84.68,12.1
20160610,10.7,18.43,44.53,9.84,32.82,21.31,25.8,16.47,18.75,33.73,20.92,23.88,84.07,11.5
20160613,10.55,18.26,43.89,9.78,31.91,21.24,24.06,16.28,18.41,33.66,20.78,23.83,84.07,11.8
20160614,10.96,18.26,43.89,9.78,32.52,21.31,24.12,16.1,18.32,33.59,20.85,23.88,84.07,11.8
20160615,10.99,18.26,43.57,9.78,32.52,21.24,23.99,16.1,18.07,33.24,20.78,23.77,84.07,11.7
20160616,11.01,18.08,43.57,9.71,32.52,21.31,24.4,15.91,18.07,33.17,20.63,23.83,84.07,11.6
20160617,10.81,17.91,45.16,9.71,31.61,21.16,22.73,15.63,17.47,32.75,20.2,23.83,84.07,11.3
20160620,11.1,17.83,44.21,9.65,32.52,21.01,23.01,15.73,17.81,32.61,20.2,25.18,84.07,11.3
20160621,11.33,18.08,43.89,9.65,32.82,21.08,23.22,15.73,17.81,32.68,20.13,25.18,85.29,11.5
20160622,11.45,18.34,43.89,9.58,31.91,21.31,22.94,15.63,17.73,32.54,19.98,25.0,85.29,11.5
20160623,11.59,18.26,43.89,9.58,32.21,21.31,22.03,15.91,17.73,33.38,19.98,24.71,85.91,11.5
20160624,11.22,17.66,42.93,9.52,31.61,21.08,21.82,15.45,17.3,32.54,19.47,24.12,84.07,11.3
20160627,11.27,17.31,42.62,9.52,32.65,21.08,21.96,15.45,17.22,32.13,19.4,24.3,84.07,11.3
20160628,11.19,17.48,42.62,9.52,32.18,21.08,22.1,15.26,17.3,32.27,19.18,24.3,85.91,11.3
20160629,11.36,17.57,42.62,9.58,32.38,21.16,22.31,15.63,17.81,32.89,19.84,24.77,85.29,11.4
20160630,11.45,17.57,42.3,9.52,33.33,21.08,21.82,15.54,17.73,32.89,19.47,24.65,86.52,11.3
20160701,11.51,17.48,42.62,9.58,34.41,21.16,21.89,15.73,17.56,33.03,19.26,24.71,87.75,11.3
20160704,11.53,17.74,42.62,9.58,34.41,21.31,21.75,15.82,18.75,34.21,19.84,25.06,88.97,11.3
20160705,11.62,17.66,42.93,9.71,34.41,21.54,21.89,16.1,19.09,35.12,19.69,24.89,88.36,11.4
20160706,11.85,17.83,42.62,9.65,34.41,21.54,22.17,15.91,19.09,34.77,19.55,24.95,87.75,11.3
20160707,12.37,17.83,42.62,9.65,34.74,22.0,22.66,16.0,19.18,35.47,19.62,25.54,90.2,11.2
20160708,12.34,17.66,42.62,9.65,34.74,21.77,22.87,15.91,19.35,35.47,20.27,25.71,90.2,11.2
20160711,11.71,17.48,42.62,9.71,34.41,21.77,22.45,16.1,19.6,36.16,20.34,25.12,89.59,11.2
20160712,11.88,17.57,42.62,9.58,35.08,22.15,22.73,16.37,19.94,37.55,20.27,25.12,90.2,11.2
20160713,12.03,17.74,42.62,9.78,37.11,22.53,23.92,17.48,20.54,39.99,20.27,25.3,90.2,11.5
20160714,11.62,17.74,42.93,9.9,36.09,22.76,23.5,17.21,20.11,38.94,19.84,25.36,89.59,11.5
20160715,11.74,17.91,42.93,9.9,36.77,22.45,23.5,17.3,20.03,37.55,19.69,25.12,90.2,11.9
20160718,12.23,17.83,43.89,9.9,36.43,22.45,23.5,17.3,20.2,38.59,19.84,25.12,92.04,12.1
20160719,12.14,17.66,42.93,9.71,35.08,22.07,23.71,16.84,20.54,38.94,19.69,24.71,93.88,11.6
20160720,11.88,17.57,42.62,9.65,33.73,22.23,23.29,16.47,20.2,38.25,19.47,24.53,96.95,11.2
20160721,11.91,17.57,42.93,9.71,34.07,22.3,22.94,16.47,19.6,38.59,19.33,24.53,96.34,11.3
20160722,11.62,17.57,42.62,9.71,33.73,22.53,23.36,16.47,19.18,36.16,19.18,24.36,95.72,11.1
20160725,11.82,17.66,42.62,9.58,34.07,22.53,23.08,16.19,19.01,36.86,19.04,24.24,94.5,11.0
20160726,12.23,17.48,42.3,9.65,34.07,22.45,22.87,16.28,19.09,36.86,18.75,24.12,96.34,11.2
20160727,12.49,17.48,41.98,9.71,34.41,22.3,22.45,16.65,19.35,37.9,19.04,24.36,96.95,11.2
20160728,12.89,18.0,41.98,9.65,35.42,22.3,22.52,16.47,19.77,38.25,18.82,24.36,98.18,11.2
20160729,12.86,17.66,40.71,9.58,34.41,22.23,22.94,16.47,19.52,37.55,19.04,24.18,96.95,11.3
20160801,12.75,17.31,40.71,9.58,34.74,22.3,23.01,16.37,19.43,36.86,18.9,24.24,95.11,11.2
20160802,12.34,17.14,39.12,9.52,34.41,21.85,22.8,15.91,18.84,35.81,18.61,23.94,93.27,11.1
20160803,12.49,16.8,39.12,9.52,33.26,22.0,22.87,15.82,18.92,35.12,18.24,23.88,94.5,11.0
20160804,12.32,16.97,39.44,9.46,32.05,21.92,23.01,16.0,18.75,36.16,18.1,23.83,95.72,10.5
20160805,12.46,16.63,39.12,9.46,30.16,21.77,23.01,15.82,18.32,35.47,18.9,23.88,96.95,11.0
20160808,12.37,16.97,37.85,9.46,30.16,21.77,23.08,15.91,18.24,36.16,19.47,23.94,96.95,10.9
20160809,12.52,17.23,38.48,9.46,30.7,21.77,24.12,15.63,18.24,36.86,19.11,24.12,99.41,10.7
20160810,13.1,17.31,38.48,9.52,32.79,21.85,24.82,16.1,18.5,37.2,19.4,24.24,100.63,10.8
20160811,13.3,17.4,38.8,9.58,33.06,22.0,24.68,16.28,18.75,38.94,20.05,24.65,103.7,10.9
20160812,13.24,17.4,38.48,9.52,33.06,22.0,24.19,16.19,18.58,37.9,19.91,24.53,103.09,10.9
20160815,13.38,17.74,38.16,9.52,33.06,21.69,24.12,16.19,18.67,37.9,19.91,24.53,103.7,10.9
20160816,13.59,17.66,37.85,9.46,32.32,21.77,24.47,16.0,19.09,37.55,20.78,25.18,103.7,10.7
20160817,14.05,17.66,37.85,9.52,32.32,21.92,25.17,16.0,19.09,36.86,21.72,25.48,104.93,10.8
20160818,14.11,17.31,40.39,9.52,32.32,22.0,24.12,16.0,18.84,36.86,21.72,25.42,106.77,10.6
20160819,13.93,17.31,42.93,9.46,32.18,21.77,24.47,15.82,18.5,37.2,21.14,25.0,107.77,10.6
20160822,14.02,17.31,41.34,9.46,31.64,21.85,24.82,15.91,18.24,37.2,20.85,25.07,105.51,10.6
20160823,14.25,17.31,40.07,9.46,32.72,21.77,24.61,15.82,18.41,36.86,21.14,25.19,107.77,10.5
20160824,14.17,17.4,39.12,9.46,32.72,21.77,24.75,16.0,18.32,37.55,21.07,25.37,109.28,10.5
20160825,14.75,17.31,39.12,9.52,32.59,21.77,24.82,15.82,18.24,37.55,20.49,25.61,109.28,10.3
20160826,14.61,17.4,40.07,9.52,32.38,21.85,24.89,16.1,18.5,39.99,20.63,25.97,110.03,10.5
20160829,14.23,17.14,42.62,9.46,32.38,21.77,24.61,16.0,18.24,39.99,19.98,25.73,113.8,10.5
20160830,14.37,17.14,44.53,9.46,32.45,21.69,24.26,16.1,17.98,38.59,20.05,25.73,114.55,10.5
20160831,14.68,17.23,43.89,9.46,32.45,22.07,24.54,16.1,18.24,37.55,20.42,26.52,117.57,10.4
20160901,14.54,17.23,42.62,9.46,32.38,22.07,24.54,15.91,18.24,36.51,20.2,26.88,116.06,10.2
20160905,14.4,17.06,42.62,9.39,32.32,22.07,24.06,15.82,17.98,35.12,19.84,26.88,116.06,10.0
20160906,14.51,17.66,43.25,9.39,32.32,21.92,24.12,15.82,17.98,35.12,20.05,26.7,113.05,10.2
20160907,15.09,17.66,43.25,9.46,32.05,21.92,24.4,15.91,18.15,35.12,20.2,26.64,110.03,10.0
20160908,15.4,17.48,43.57,9.52,32.25,21.92,24.19,15.91,18.15,35.12,20.63,27.54,110.79,9.9
20160909,15.19,17.48,43.89,9.52,32.92,21.77,23.71,16.1,18.41,37.07,20.42,27.6,107.77,9.9
20160912,14.75,17.57,43.89,9.52,33.6,21.39,23.92,15.96,18.15,35.87,20.05,27.18,106.41,10.0
20160913,14.99,17.57,43.57,9.49,33.13,21.46,23.01,15.86,17.98,34.48,20.05,27.3,109.2,9.99
20160914,14.95,17.53,42.49,9.46,32.59,21.43,23.22,15.54,17.9,34.96,19.69,27.48,108.52,10.1
20160915,15.16,17.36,41.34,9.49,34.05,21.24,23.85,15.68,17.73,34.48,19.44,27.06,107.77,10.1
20160916,15.26,17.44,41.34,9.42,35.54,20.78,22.2,15.68,17.73,33.52,19.8,27.18,104.0,9.4
20160919,15.64,18.0,43.25,9.42,34.96,21.5,23.08,15.82,18.28,35.1,19.55,27.36,102.5,9.87
20160920,15.59,18.0,44.65,9.42,35.21,21.54,22.8,15.77,18.37,35.87,19.62,27.57,102.5,9.79
20160921,15.64,18.0,44.84,9.39,36.12,21.39,21.47,15.73,18.62,35.87,19.87,27.48,103.85,9.52
20160922,15.84,18.6,45.16,9.42,36.36,21.69,20.98,15.73,18.62,35.92,20.02,28.15,103.4,9.6
20160923,15.74,18.98,45.16,9.42,36.65,21.66,21.61,15.63,18.41,35.77,20.56,28.63,105.51,9.5
20160926,15.76,19.46,45.1,9.42,36.94,21.77,21.68,15.63,18.58,36.01,20.99,28.87,106.26,9.41
20160927,15.86,19.16,44.91,9.39,37.98,21.73,21.61,15.86,18.71,36.97,20.99,28.87,105.51,9.43
20160928,16.02,18.94,42.93,9.39,36.9,21.58,21.47,16.1,19.09,37.35,20.71,28.93,105.51,9.43
20160929,15.91,18.86,43.38,9.46,37.15,21.58,21.54,15.86,19.01,36.68,21.43,28.6,105.51,9.39
20160930,15.67,18.51,44.72,9.52,36.78,21.69,21.68,15.68,19.01,36.68,21.21,28.18,105.51,9.32
20161003,15.26,18.3,44.53,9.46,35.54,21.54,21.47,15.68,19.09,36.3,21.07,28.18,105.89,9.2
20161004,15.07,18.17,44.46,9.42,36.36,21.66,21.54,16.0,19.26,36.3,20.56,28.27,105.89,9.15
20161005,14.95,18.26,44.46,9.42,36.2,21.5,21.68,16.28,19.31,36.59,20.42,28.27,105.81,9.35
20161006,14.71,18.13,44.02,9.52,35.29,21.43,21.68,16.28,19.09,36.73,20.49,27.84,107.02,9.61
20161007,14.1,18.0,43.57,9.55,35.37,21.69,21.43,16.0,19.01,36.35,20.23,27.21,106.72,9.53
20161010,13.44,17.78,43.44,9.49,34.79,21.54,21.47,15.82,19.01,35.92,19.76,26.33,105.59,9.37
20161011,14.37,18.34,43.44,9.46,34.79,21.69,22.95,15.86,19.05,36.2,20.27,26.88,105.89,9.25
20161012,13.99,18.26,43.25,9.46,34.88,21.54,24.18,15.86,18.87,36.01,20.13,26.46,106.64,9.22
20161013,14.16,18.3,43.25,9.46,35.54,21.62,24.09,15.86,19.01,35.72,20.23,26.58,107.02,9.2
20161014,13.86,18.26,43.38,9.49,35.54,21.46,24.0,15.77,18.96,35.63,20.13,26.49,108.52,9.21
20161017,13.65,17.96,42.43,9.58,35.54,21.88,23.82,15.77,18.92,34.86,20.13,26.21,107.17,9.22
20161018,13.96,18.0,42.43,9.58,35.45,22.26,24.0,15.77,18.83,34.91,19.98,26.33,108.52,9.24
20161019,14.15,17.96,42.3,9.58,36.2,22.42,24.23,16.05,18.96,35.15,19.95,26.49,110.03,9.48
20161020,14.11,17.78,42.3,9.58,35.79,22.15,24.0,16.0,18.96,35.15,19.76,26.27,109.2,9.32
20161021,14.06,17.7,42.17,9.55,35.54,21.54,23.73,15.86,19.23,35.15,19.84,26.21,108.68,9.25
20161024,13.79,17.7,41.98,9.63,35.54,21.2,23.73,16.0,18.83,34.58,19.84,26.09,106.26,9.2
20161025,13.58,17.66,41.98,9.59,35.29,21.24,23.91,15.91,18.87,34.24,19.66,26.09,106.26,9.1
20161026,13.56,17.91,41.79,9.56,35.08,21.12,23.82,15.68,18.56,33.81,19.84,25.97,106.34,9.02
20161027,13.56,18.0,41.66,9.56,35.37,21.12,24.5,15.36,18.56,34.77,19.69,26.09,107.39,8.95
20161028,13.99,18.08,41.79,9.56,35.41,21.12,24.09,15.73,18.56,34.77,19.84,26.33,108.0,8.87
20161031,13.98,18.21,41.79,9.59,35.12,21.16,23.91,15.59,18.78,34.48,19.69,26.27,107.02,8.82
20161101,13.86,18.26,41.66,9.59,35.33,21.16,22.64,15.49,18.6,34.38,19.55,26.15,106.94,8.5
20161102,13.55,18.08,41.66,9.53,34.96,21.08,22.91,15.45,18.56,33.91,19.18,25.73,106.34,8.25
20161103,13.48,17.74,41.54,9.43,35.04,21.01,22.5,15.36,18.25,33.52,18.97,25.37,106.57,8.24
20161104,13.58,17.66,41.41,9.33,35.04,20.97,22.45,15.36,18.02,33.52,19.0,25.46,106.19,8.38
20161107,14.1,17.7,41.34,9.36,35.33,21.24,22.54,15.45,18.43,34.72,19.51,25.85,105.66,8.42
20161108,14.23,17.78,41.34,9.39,35.37,21.16,22.64,15.31,18.43,34.86,19.29,25.88,105.81,8.43
20161109,14.04,17.4,41.34,9.26,35.12,21.08,22.0,15.22,18.16,34.48,18.93,25.49,105.51,8.25
20161110,14.23,17.7,41.34,9.29,35.37,21.16,22.0,15.36,18.43,34.86,19.26,25.79,106.26,8.4
20161111,14.04,18.21,41.03,9.26,36.36,21.08,21.82,15.22,18.29,34.72,19.04,25.97,105.89,8.24
20161114,14.13,18.51,39.44,9.23,35.45,20.93,21.68,15.26,17.94,34.29,18.97,25.82,104.15,8.01
20161115,14.4,18.77,40.07,9.19,35.33,21.35,21.73,15.26,18.16,34.29,19.18,26.09,103.48,8.1
20161116,14.44,18.51,40.14,9.12,35.29,21.58,21.73,15.17,18.11,34.29,19.4,26.0,104.76,8.1
20161117,14.34,18.6,40.26,9.09,35.29,21.46,21.73,15.03,17.98,34.14,19.37,25.73,104.76,7.91
20161118,14.16,18.86,40.33,9.06,35.21,21.31,21.73,15.03,17.85,34.05,19.11,26.03,103.4,7.88
20161121,14.4,18.9,40.33,8.99,35.21,21.35,21.64,15.31,17.89,34.19,19.33,26.03,104.38,8.3
20161122,14.37,18.6,40.64,8.99,35.21,21.39,21.59,15.49,18.11,34.48,19.26,26.03,106.04,8.27
20161123,14.28,18.56,43.38,9.02,35.29,21.12,21.45,15.49,18.07,34.77,19.69,26.55,104.76,8.27
20161124,14.3,18.51,43.89,9.02,35.12,21.31,22.27,15.17,17.98,34.48,19.69,26.79,103.02,8.22
20161125,14.32,18.6,43.25,8.96,35.12,21.16,22.0,15.03,17.94,34.29,19.91,26.55,101.37,8.1
20161128,13.96,18.51,40.71,8.86,35.12,21.16,22.36,14.89,17.85,34.0,20.05,26.27,97.37,7.8
20161129,13.84,18.43,39.88,8.92,34.3,20.71,22.36,14.85,17.49,33.52,19.76,26.06,101.21,7.8
20161130,14.44,19.03,40.77,8.96,34.71,20.75,22.09,14.89,17.76,33.71,19.69,26.18,104.0,7.5
20161201,14.32,18.86,40.96,8.89,34.71,19.93,21.82,14.99,17.71,33.76,19.73,26.09,101.89,7.55
20161202,14.47,18.9,39.95,8.92,34.71,19.44,22.36,14.94,17.58,33.81,19.4,25.94,101.74,7.74
20161205,14.54,19.28,40.2,8.86,34.67,19.44,22.18,14.85,17.13,33.43,19.69,25.73,101.74,7.5
20161206,14.03,18.77,40.26,8.92,34.46,19.36,22.09,14.52,16.6,32.71,19.47,25.55,100.99,7.51
20161207,14.01,19.03,40.07,8.82,34.71,19.15,22.36,14.48,16.6,32.95,19.51,25.43,99.86,7.4
20161208,14.03,19.16,40.26,8.82,34.71,18.7,22.18,14.38,16.69,33.52,19.47,25.52,101.89,7.91
20161209,14.03,19.11,40.26,8.92,34.71,18.45,21.64,14.25,16.73,33.57,19.47,25.91,102.34,7.8
20161212,13.96,18.6,40.07,8.86,34.71,18.54,21.27,13.88,16.51,33.43,19.29,25.49,100.76,7.61
20161213,13.91,18.51,38.8,8.86,34.71,18.25,21.09,13.51,16.82,32.95,19.11,25.25,98.73,7.62
20161214,14.28,19.03,39.5,8.86,35.08,18.45,21.64,13.55,16.95,33.33,19.11,25.37,98.58,7.9
20161215,14.16,19.97,39.5,8.82,34.71,18.78,22.27,13.74,16.95,33.52,19.22,25.28,96.17,8.0
20161216,14.34,20.06,41.34,8.82,35.12,18.82,23.18,13.88,17.13,33.62,19.4,25.43,97.9,8.2
20161219,14.23,20.44,40.39,8.89,35.37,18.99,23.64,14.15,17.71,33.67,19.47,25.79,97.07,8.42
20161220,14.16,20.53,39.37,8.92,34.59,18.86,24.27,14.11,17.49,33.47,19.47,25.7,93.9,8.4
20161221,14.37,20.7,39.69,8.92,34.21,18.78,24.09,14.06,17.44,33.47,19.26,25.67,95.03,8.26
20161222,14.58,20.48,41.54,8.89,34.71,18.82,23.54,13.97,17.31,33.43,19.11,25.7,92.77,8.2
20161223,14.73,20.57,41.54,8.86,34.79,18.66,23.18,14.06,17.31,34.1,19.11,25.76,93.45,8.34
20161226,15.02,20.53,41.54,8.82,34.71,18.7,22.27,14.01,17.49,34.58,19.08,25.79,92.32,8.35
20161227,14.8,21.17,41.34,8.89,34.96,18.62,23.18,14.06,17.36,34.48,19.18,26.06,94.21,8.6
20161228,14.95,21.08,40.52,8.92,34.38,18.49,22.91,14.06,17.62,34.1,19.08,26.33,94.96,9.1
20161229,14.82,21.08,40.64,8.99,34.63,18.54,22.82,13.88,17.58,33.95,19.37,26.24,96.92,9.4
20161230,14.8,21.13,41.22,9.39,34.71,18.33,22.27,13.92,17.49,33.95,19.55,26.58,94.66,9.45
20170103,15.09,21.43,41.6,9.23,34.38,18.25,23.64,14.89,17.89,35.68,19.44,27.09,95.49,8.79
20170104,15.09,21.43,42.33,9.12,34.75,18.45,23.09,15.17,17.89,35.44,19.4,27.33,95.64,8.2
20170105,15.12,21.68,42.07,9.06,34.96,18.33,22.91,15.26,17.94,35.58,19.47,27.24,95.49,8.58
20170106,14.88,21.43,42.13,9.23,35.62,18.08,22.82,15.4,18.11,36.3,19.98,27.15,94.96,8.78
20170109,14.8,21.34,41.73,9.19,35.7,18.45,22.73,15.82,18.29,37.07,19.98,27.3,94.96,8.99
20170110,15.04,20.74,42.47,9.19,35.45,18.9,22.64,15.63,18.16,36.78,19.8,27.78,95.03,9.0
20170111,15.09,21.17,42.2,9.23,35.54,18.78,22.64,16.37,18.11,36.83,20.71,27.84,95.71,9.03
20170112,14.97,21.43,41.8,9.29,35.54,19.97,22.27,16.28,18.25,36.3,20.78,27.75,95.71,9.04
20170113,14.82,21.51,41.8,9.23,35.79,20.42,22.73,16.0,18.29,35.87,20.96,27.12,95.64,8.95
20170116,14.4,21.43,41.8,9.16,35.41,20.01,22.27,15.91,18.2,35.77,20.67,26.58,95.34,8.96
20170117,14.4,21.43,41.8,9.49,35.25,19.56,22.27,17.02,18.38,37.31,20.63,26.82,95.03,9.24
20170118,14.27,22.07,41.67,9.39,34.79,19.6,22.27,16.68,18.2,36.68,20.49,26.46,94.96,9.45
20170119,14.22,22.07,41.33,9.33,34.71,19.36,22.0,17.02,17.98,36.4,20.27,26.46,94.96,9.59
20170120,14.47,21.94,41.0,9.33,34.71,19.36,22.27,17.26,17.98,36.4,20.2,26.7,95.71,9.5
20170123,14.4,21.3,41.2,9.26,34.71,19.36,22.18,17.64,17.85,36.49,20.13,26.85,96.47,9.55
20170124,14.4,21.73,41.2,9.46,34.3,19.6,22.18,17.88,17.89,36.97,20.13,27.0,96.47,9.85
20170125,14.51,22.03,41.25,9.49,34.71,19.81,22.09,17.88,18.02,37.64,20.49,27.24,97.22,10.2
20170202,14.64,22.28,42.2,9.53,35.12,19.77,21.82,18.03,18.43,37.78,20.38,27.12,100.23,10.05
20170203,14.82,22.2,42.3,9.49,34.71,19.77,21.82,17.79,18.29,37.07,20.27,27.0,100.91,10.05
20170206,15.12,22.63,42.6,9.46,35.04,20.18,21.73,17.64,18.34,37.07,20.49,26.76,100.39,9.95
20170207,15.3,23.05,42.6,9.39,35.37,19.93,21.73,17.5,18.65,37.59,20.42,26.88,100.84,9.87
20170208,15.31,23.05,42.6,9.49,35.33,20.5,21.64,17.21,18.65,38.07,20.42,26.94,100.91,10.0
20170209,15.28,23.48,42.5,9.56,35.25,21.12,21.64,17.4,18.56,38.02,20.16,26.91,101.06,10.2
20170210,15.21,23.48,42.0,9.49,35.12,21.04,21.64,17.88,18.56,37.64,20.74,26.85,100.84,10.2
20170213,15.35,23.83,41.8,9.66,35.12,21.08,21.73,17.83,18.92,37.21,21.36,27.06,100.84,10.0
20170214,15.47,23.57,41.5,9.59,35.17,20.95,21.82,17.98,18.83,37.07,21.21,28.03,100.16,10.1
20170215,15.48,23.65,41.95,9.73,36.78,20.79,22.0,18.61,18.92,37.35,22.41,27.78,100.23,9.95
20170216,15.33,23.14,41.95,9.8,36.36,20.46,21.95,18.61,18.65,36.97,22.52,27.36,99.48,10.45
20170217,15.19,23.4,41.7,9.9,36.36,20.01,21.95,18.22,18.78,36.68,23.02,27.36,97.97,11.0
20170220,14.4,23.57,42.0,9.83,37.44,20.05,21.95,17.83,18.78,36.35,23.53,27.21,97.97,11.05
20170221,14.49,23.35,42.55,9.83,38.39,19.93,22.0,17.64,18.78,36.78,23.67,27.42,98.2,10.85
20170222,13.79,23.1,42.2,9.83,37.77,19.77,22.0,17.35,19.23,36.3,23.24,27.66,98.28,10.95
20170223,13.92,22.88,42.2,9.93,37.4,20.13,22.0,17.26,19.27,36.01,24.47,27.78,98.2,11.05
20170224,13.87,22.71,41.7,9.9,37.4,19.97,21.95,17.4,19.01,35.87,24.54,27.78,99.41,10.3
20170227,13.8,23.01,41.0,9.86,37.98,20.22,21.86,17.64,19.01,36.59,24.98,28.12,99.33,10.45
20170228,13.72,22.88,41.0,9.79,37.19,20.01,21.82,17.59,18.92,35.82,25.12,27.69,99.03,10.3
20170301,14.03,22.56,41.0,9.76,36.94,20.5,21.82,17.35,18.92,35.63,24.61,27.6,98.58,10.2
20170302,14.4,22.6,40.9,9.72,36.45,20.22,21.86,17.3,18.47,35.34,24.25,27.45,97.75,10.2
20170303,14.06,22.47,41.0,9.65,36.78,20.59,21.86,17.64,18.56,35.92,23.96,27.57,97.9,10.9
20170306,14.13,23.42,41.0,9.76,36.98,20.59,21.91,17.74,18.74,35.72,24.33,27.75,98.65,10.8
20170307,14.13,23.83,41.0,9.76,37.07,20.34,21.91,17.64,18.74,35.92,25.63,27.66,97.97,10.5
20170308,14.15,23.79,41.7,9.86,36.78,20.34,21.86,17.69,18.74,36.11,26.64,27.66,98.43,10.6
20170309,14.4,23.51,41.75,10.18,36.53,20.38,21.86,17.74,19.18,36.2,27.08,27.48,98.35,10.45
20170310,14.44,24.61,41.75,10.07,36.53,20.01,21.86,17.55,19.05,35.92,26.79,27.78,97.9,10.45
20170313,14.44,24.79,41.7,10.28,36.53,19.93,21.82,17.3,19.1,35.49,26.86,27.63,97.75,10.55
20170314,14.42,25.61,43.2,10.25,36.4,20.01,21.77,17.26,19.1,35.49,26.5,27.6,98.5,10.45
20170315,14.25,25.15,43.75,10.14,35.95,19.85,21.77,17.16,19.01,35.39,25.56,27.51,100.23,10.35
20170316,14.34,25.52,43.5,10.14,36.36,20.01,21.77,17.21,19.9,35.53,26.5,27.6,100.99,10.35
20170317,14.16,25.25,44.1,10.14,36.2,19.81,21.77,17.4,20.3,35.44,26.28,27.72,100.99,10.3
20170320,14.35,25.34,45.9,10.53,35.79,19.97,21.77,17.64,20.52,35.96,25.88,28.15,100.91,10.55
20170321,14.7,24.43,47.1,10.77,34.26,20.01,21.82,17.83,20.52,36.4,25.34,28.15,102.19,10.7
20170322,14.54,23.97,47.5,10.77,34.42,19.81,21.73,17.69,20.12,36.11,24.69,27.84,102.95,10.75
20170323,14.66,24.61,48.0,10.77,35.12,19.81,22.36,17.83,20.3,36.63,25.34,28.99,105.66,11.4
20170324,14.76,24.43,47.8,10.95,35.0,19.77,22.27,18.03,20.57,36.4,25.52,28.81,106.79,11.4
20170327,14.76,24.33,47.8,10.81,35.0,19.89,22.45,18.12,20.92,36.2,25.12,28.75,107.02,11.4
20170328,14.73,25.29,46.0,10.74,34.71,19.85,22.45,17.83,20.92,35.82,25.27,28.63,106.11,11.15
20170329,14.88,25.52,47.0,10.7,34.88,19.81,22.23,17.69,21.01,35.72,24.98,28.69,106.87,11.2
20170330,15.41,25.15,46.5,10.88,34.88,19.52,22.45,17.69,21.28,35.63,24.36,28.45,108.52,11.25
20170331,15.72,24.88,47.05,10.74,34.55,19.89,22.45,17.45,21.28,35.34,25.05,28.57,108.0,11.45
20170403,16.44,24.79,47.9,10.81,34.3,19.64,22.64,17.35,21.59,34.86,24.9,28.03,108.75,12.25
20170404,16.62,24.7,47.2,10.81,34.71,19.64,22.82,17.3,21.24,35.25,24.83,28.39,108.52,12.4
20170405,16.18,24.43,45.9,10.77,34.38,19.27,22.95,17.35,20.52,35.29,24.47,28.12,108.07,12.3
20170407,16.38,24.2,47.3,10.74,34.71,19.48,23.0,17.35,20.7,35.25,24.14,28.39,107.47,13.15
20170410,16.44,24.24,46.5,10.7,35.04,19.36,22.91,17.26,21.33,35.15,24.18,28.39,107.47,12.8
20170411,16.41,24.24,46.1,10.95,35.17,19.23,22.54,17.45,21.06,35.34,24.47,28.36,108.15,12.65
20170412,16.26,24.29,45.8,10.74,34.75,19.03,22.14,17.16,20.48,35.25,24.25,28.72,108.52,12.75
20170413,16.2,24.43,45.75,10.84,35.04,18.74,22.18,17.11,20.08,35.2,23.56,28.54,107.85,11.9
20170414,15.9,23.97,45.5,10.63,34.5,18.58,22.27,16.87,19.81,34.81,22.88,27.81,106.79,11.6
20170417,15.69,23.1,44.0,10.56,34.5,18.7,22.27,16.39,19.5,34.0,22.8,27.6,107.02,11.2
20170418,15.56,23.15,46.0,10.63,34.46,18.95,22.27,16.68,20.12,34.34,23.06,27.78,108.83,11.3
20170419,15.92,23.42,45.8,10.49,34.3,20.26,22.27,16.68,19.85,34.38,23.82,27.78,109.58,11.6
20170420,15.66,23.7,44.9,10.49,33.55,19.68,22.23,16.77,19.94,33.91,23.38,27.69,109.2,11.6
20170421,15.66,23.7,45.0,10.56,33.47,19.27,22.18,16.49,19.94,34.0,23.53,27.69,109.05,11.25
20170424,15.46,23.38,45.4,10.46,33.06,18.7,22.09,16.39,19.63,33.62,23.31,27.63,108.52,10.5
20170425,15.33,23.7,45.5,10.42,33.35,18.86,22.04,16.49,19.76,33.62,23.42,27.57,108.07,11.1
20170426,15.02,24.29,45.45,10.53,33.39,19.52,22.0,16.58,19.99,33.57,23.67,27.78,108.45,11.85
20170427,15.18,24.88,45.15,10.63,33.8,19.36,23.23,16.68,19.85,33.38,24.51,28.09,110.41,12.4
20170428,15.12,25.38,44.45,11.05,33.8,19.27,24.82,16.73,19.54,33.62,25.23,28.06,111.54,11.55
20170503,14.97,27.11,44.3,11.75,33.47,19.31,25.64,16.87,19.76,34.0,26.06,28.39,111.77,11.65
20170504,15.02,26.52,44.0,11.54,33.31,19.11,25.0,17.16,20.17,34.77,26.06,28.39,113.45,12.15
20170505,15.02,26.7,43.1,11.68,33.39,19.07,23.54,17.11,20.08,34.58,26.1,28.45,112.0,12.1
20170508,15.0,28.16,42.65,11.47,33.39,19.44,23.18,17.11,20.52,34.24,26.39,28.39,111.46,11.75
20170509,15.28,28.98,42.4,11.65,33.68,19.31,23.0,17.3,21.24,34.91,26.32,29.17,110.01,11.9
20170510,15.43,28.03,42.9,11.82,33.43,19.48,22.27,17.64,21.01,35.2,25.77,29.05,110.32,12.4
20170511,15.51,28.25,42.7,11.82,33.47,19.77,23.36,17.45,21.15,35.25,25.3,29.05,110.39,12.35
20170512,15.28,29.07,42.6,11.68,33.47,19.68,23.54,17.5,20.97,34.91,27.04,28.99,110.62,12.2
20170515,15.18,28.71,42.6,11.54,33.8,19.52,23.0,17.45,21.42,34.77,28.92,28.87,109.94,12.65
20170516,14.92,28.34,43.85,11.54,34.3,19.52,22.82,17.16,21.15,34.53,28.23,28.69,109.63,12.35
20170517,14.94,28.34,43.5,11.58,34.13,19.56,23.04,17.11,21.5,34.67,28.67,28.87,112.3,12.5
20170518,14.66,28.07,43.5,12.03,34.13,19.44,22.91,17.3,21.86,34.81,27.94,28.93,111.54,12.45
20170519,14.76,30.03,43.0,12.42,33.8,19.7,23.82,17.55,23.2,35.2,29.9,29.23,112.99,12.4
20170522,14.87,29.53,44.1,12.8,34.05,19.44,24.45,18.51,22.98,35.92,28.67,29.29,114.82,12.7
20170523,14.94,29.89,44.1,12.31,33.76,19.35,24.91,18.03,22.66,35.63,29.18,29.51,115.74,12.4
20170524,15.1,30.49,43.5,13.15,33.47,19.27,26.45,18.56,23.38,36.16,30.51,29.66,115.74,12.55
20170525,15.1,30.49,43.0,13.36,33.1,19.18,25.86,18.22,23.42,35.53,30.41,30.21,114.6,12.4
20170526,15.02,30.53,42.8,13.61,33.47,19.22,26.68,18.22,23.2,35.15,31.02,29.85,116.12,12.3
20170529,15.33,30.17,43.0,13.43,33.6,19.31,28.36,18.85,23.02,34.86,30.26,30.21,115.89,12.7
20170530,15.1,28.94,42.8,13.29,33.26,19.22,27.54,18.22,22.08,34.77,29.32,30.49,114.37,12.6
20170531,15.64,28.85,43.2,13.19,33.26,19.7,27.32,18.12,22.13,34.67,28.96,30.49,114.37,12.5
20170601,15.59,29.26,43.9,13.36,33.51,19.57,28.27,17.98,22.22,34.77,29.25,30.81,116.05,12.65
20170602,15.43,29.16,43.8,13.29,33.55,19.31,28.54,18.03,23.02,34.77,29.54,30.67,115.28,12.4
20170605,15.41,29.85,44.3,13.36,33.55,19.31,28.82,18.12,22.58,35.63,29.47,30.67,117.42,12.7
20170606,15.69,30.99,44.1,13.57,33.6,19.27,30.82,18.51,22.84,37.02,29.32,31.41,117.8,13.55
20170607,16.15,30.99,43.55,14.17,33.88,19.27,31.14,19.18,23.07,36.68,30.04,31.23,117.65,13.45
20170608,16.2,30.62,43.1,14.03,34.13,19.44,30.54,18.85,23.24,36.3,30.33,31.34,117.35,13.8
20170609,16.18,30.71,43.2,14.03,34.38,19.35,30.91,18.7,23.42,36.78,30.33,32.01,117.42,13.9
20170612,15.9,30.53,43.3,13.89,35.0,19.35,30.82,18.8,23.47,36.73,30.41,31.69,116.66,13.8
20170613,16.15,30.81,43.05,13.92,35.54,19.78,30.73,19.09,23.74,36.92,29.75,32.16,116.35,13.9
20170614,16.28,30.81,43.7,14.24,34.3,19.78,30.54,19.52,23.65,37.54,29.79,32.05,117.27,14.0
20170615,16.67,31.81,43.35,14.06,34.96,19.65,30.18,19.71,23.56,37.83,29.68,32.19,117.5,13.75
20170616,16.95,32.63,42.3,14.13,35.54,19.35,30.73,19.67,23.74,37.83,31.13,32.4,116.89,13.9
20170619,16.76,32.45,43.6,14.52,35.62,19.44,32.45,19.96,24.72,38.02,32.0,32.83,117.96,14.15
20170620,16.98,32.49,42.9,14.97,34.96,19.44,32.73,20.15,24.58,37.83,31.56,32.72,116.89,14.55
20170621,16.81,33.4,42.0,15.32,35.37,19.27,33.14,19.52,24.45,37.02,31.38,33.68,117.5,14.6
20170622,16.9,33.13,41.6,15.18,34.79,19.44,32.91,19.23,24.4,36.49,32.14,33.75,116.81,14.3
20170623,16.92,33.22,41.15,15.04,34.75,19.65,32.64,19.28,24.36,36.49,32.8,33.64,116.89,14.2
20170626,16.95,33.45,42.2,15.18,35.37,19.57,32.04,19.52,24.49,36.87,32.29,33.11,117.19,14.2
20170627,16.84,33.04,41.6,15.18,35.21,19.74,32.09,19.28,24.05,36.63,31.35,32.4,117.27,14.35
20170628,16.87,33.72,41.6,15.25,35.08,19.65,32.0,19.43,24.45,36.44,31.56,32.86,118.72,14.2
20170629,17.12,33.81,42.4,15.6,35.0,19.78,31.91,19.43,24.54,36.59,31.67,32.97,118.26,14.1
20170630,17.58,33.63,42.0,15.6,35.29,20.12,31.86,19.52,24.67,36.87,31.13,33.22,120.4,13.8
20170703,18.13,33.31,41.5,15.57,34.96,20.34,31.91,19.91,24.94,37.26,31.17,32.9,119.94,13.6
20170704,18.13,33.63,41.4,15.39,34.71,20.21,32.04,19.62,25.21,37.07,31.02,33.04,119.56,13.2
20170705,18.08,34.27,41.3,15.22,34.71,20.21,32.09,19.67,25.25,37.21,31.82,33.11,119.64,13.45
20170706,18.3,34.13,41.45,15.25,35.04,20.38,32.09,19.52,25.52,37.69,31.64,33.96,120.33,13.45
20170707,18.13,33.9,41.75,14.97,34.71,20.04,32.14,19.18,24.54,37.07,31.2,34.46,117.8,13.0
20170710,18.19,32.86,41.5,14.52,33.97,19.95,32.0,18.9,23.78,36.49,30.48,34.18,115.89,12.85
20170711,18.08,32.81,41.65,14.83,34.79,20.17,32.0,18.9,23.91,36.68,30.33,33.75,116.89,12.6
20170712,18.13,33.04,41.45,14.9,35.21,20.68,32.73,18.8,23.74,36.4,30.66,34.0,118.72,12.6
20170713,18.46,33.45,41.3,14.94,35.21,20.64,33.18,18.99,23.78,36.59,30.59,34.64,119.41,12.4
20170714,18.52,33.36,41.5,14.87,35.21,20.55,34.91,18.65,23.91,36.63,30.55,34.53,118.49,12.1
20170717,18.05,32.31,40.65,14.41,35.04,20.25,35.27,18.12,22.93,36.11,30.04,34.03,116.05,11.7
20170718,17.61,31.63,41.0,14.48,34.96,20.04,34.73,17.93,22.53,36.16,30.04,33.89,116.12,12.1
20170719,17.47,30.94,41.0,14.34,34.71,19.87,34.95,18.22,22.49,36.01,30.41,33.25,116.89,12.05
20170720,17.39,31.9,41.2,14.55,35.04,19.78,34.91,18.32,22.58,35.87,30.04,33.18,116.12,11.8
20170721,17.25,31.9,41.2,14.2,35.08,19.61,35.95,17.93,22.66,35.44,29.83,32.76,115.74,11.7
20170724,17.36,31.53,41.45,14.48,34.88,19.78,35.91,17.93,22.08,35.72,27.8,32.97,115.97,11.85
20170725,17.58,32.81,41.6,15.46,34.71,19.82,36.54,18.41,22.53,35.72,28.6,33.11,115.97,12.5
20170726,18.02,33.22,41.55,15.46,35.21,20.0,37.63,18.75,22.84,35.82,29.03,33.89,116.89,12.8
20170727,17.83,33.77,41.5,15.53,34.96,19.87,37.45,18.61,22.8,35.77,28.74,34.18,116.81,12.65
20170728,17.83,33.27,41.6,16.44,35.45,19.87,37.36,18.8,23.07,35.92,29.32,34.42,116.89,12.8
20170731,17.75,33.9,42.8,16.65,36.78,19.78,36.77,19.67,23.47,36.16,29.32,34.28,116.58,13.1
20170801,17.97,33.45,42.45,16.58,36.69,20.12,37.73,19.28,23.2,36.78,29.68,34.74,115.44,13.0
20170802,17.75,33.72,42.5,16.44,36.69,19.87,37.86,19.43,22.98,36.49,29.14,35.03,116.43,12.55
20170803,17.75,34.82,42.6,16.44,36.69,19.87,36.23,19.43,23.16,36.68,29.18,35.52,117.65,12.3
20170804,17.58,35.0,42.75,16.3,36.82,19.82,35.5,19.23,23.56,36.44,30.08,35.52,117.65,12.7
20170807,17.72,34.45,42.7,16.58,36.78,20.12,33.04,19.23,23.51,36.44,30.3,35.35,117.42,12.55
20170808,17.75,33.63,42.7,16.3,37.11,19.87,30.77,18.94,23.2,36.78,30.26,34.71,116.12,12.2
20170809,17.5,32.72,42.0,15.71,35.95,19.7,28.64,18.12,22.53,36.2,29.32,34.32,114.6,11.8
20170810,17.58,32.99,42.5,15.74,35.7,19.78,26.64,17.88,22.49,36.11,29.21,34.67,115.74,11.95
20170811,17.97,32.72,42.7,15.67,35.95,19.65,27.45,18.32,22.35,35.87,28.89,35.06,115.74,11.95
20170814,18.68,33.36,44.0,16.23,35.95,19.7,27.91,18.56,22.58,36.06,28.99,34.88,115.9,12.1
20170815,18.41,32.72,44.1,16.02,35.21,19.82,26.82,18.36,22.44,35.72,29.32,34.67,114.97,11.9
20170816,18.82,32.35,44.6,15.92,35.37,20.12,26.45,18.22,22.44,35.92,29.65,34.46,114.2,12.0
20170817,18.49,31.72,44.9,15.43,35.33,20.04,26.27,17.88,21.95,35.72,29.9,34.31,115.2,11.85
20170818,18.54,31.85,44.6,15.67,35.33,20.04,26.54,17.93,22.17,35.92,29.68,34.39,115.51,11.75
20170821,18.19,32.17,45.0,15.53,35.45,20.04,26.27,17.88,21.82,35.82,29.32,34.57,115.28,11.7
20170822,18.27,31.81,45.0,15.39,35.37,19.95,26.32,17.59,21.42,35.34,29.1,34.1,114.97,11.7
20170823,18.41,31.9,45.6,15.39,35.79,19.87,26.36,17.59,21.68,35.44,29.47,34.17,114.97,11.8
20170824,18.52,32.35,46.0,15.95,35.99,19.91,27.45,18.22,21.73,35.49,29.18,34.53,114.81,11.75
20170825,18.63,32.22,46.5,16.06,36.82,19.91,26.27,18.17,22.0,35.58,29.39,34.39,114.97,11.8
20170828,18.9,31.99,47.0,16.13,37.6,19.82,26.64,18.17,22.44,35.87,30.84,34.46,114.81,11.75
20170829,18.93,31.67,45.2,16.06,38.06,19.7,28.5,18.03,22.22,35.44,30.73,34.57,114.2,11.6
20170830,19.15,31.4,46.8,16.23,40.66,19.74,29.54,17.88,22.17,35.44,30.59,34.6,114.58,11.45
20170831,19.26,32.04,47.5,16.61,40.5,20.04,29.23,18.36,22.35,35.53,30.84,35.11,114.89,11.7
20170901,19.29,32.13,48.2,16.4,40.83,20.0,28.91,18.36,22.49,35.87,31.13,35.18,117.29,11.6
20170905,19.45,32.13,47.9,16.33,41.49,20.0,28.18,18.22,22.4,36.54,30.91,35.11,118.14,11.85
20170906,19.78,31.99,48.0,16.33,41.32,19.95,27.54,18.08,22.31,36.4,30.77,34.89,116.91,11.65
20170907,19.51,32.49,50.0,16.23,41.28,19.82,27.91,18.22,22.35,36.11,30.62,34.68,115.74,11.75
20170908,19.75,32.08,53.2,15.92,41.82,19.78,27.77,18.08,22.26,36.11,29.9,34.53,115.43,11.65
20170911,19.4,32.04,53.5,15.71,40.74,19.7,26.36,17.88,22.04,36.11,29.39,34.28,114.89,11.6
20170912,19.48,32.63,55.1,16.09,40.74,19.48,26.73,17.98,22.04,36.44,29.75,34.82,114.66,11.45
20170913,20.27,32.81,56.0,16.09,39.75,19.4,26.36,17.93,22.35,36.44,30.23,35.29,114.74,11.5
20170914,20.16,32.58,56.3,16.16,40.62,19.7,27.14,18.08,22.71,36.68,30.3,35.0,114.81,11.7
20170915,20.33,32.81,56.1,16.02,40.41,19.48,26.36,18.03,22.84,36.4,30.12,34.89,114.58,11.5
20170918,20.69,33.27,56.3,16.09,40.5,19.57,26.64,18.46,23.02,36.01,30.37,35.0,115.36,11.8
20170919,20.88,33.04,55.5,16.02,40.58,19.48,26.36,18.61,23.02,35.82,30.19,35.04,114.89,11.75
20170920,20.82,32.9,53.8,16.06,40.5,19.78,24.54,18.8,22.75,36.2,30.19,35.22,115.28,11.7
20170921,20.6,32.9,51.2,16.2,40.58,19.61,24.82,19.09,22.62,36.25,30.26,35.76,114.58,11.6
20170922,20.71,33.04,52.0,16.06,40.58,19.61,25.04,18.85,22.75,36.06,30.12,35.8,114.35,11.55
20170925,20.6,32.76,54.5,16.02,40.5,19.48,24.0,18.7,22.66,35.92,30.48,35.36,114.58,12.3
20170926,20.55,32.4,55.9,15.92,40.83,19.4,24.04,18.75,22.66,36.06,32.22,35.47,114.66,12.5
20170927,20.71,32.04,54.9,15.88,42.23,19.44,24.82,18.8,22.66,36.11,31.35,35.47,114.58,12.25
20170928,20.74,31.58,55.7,15.78,41.98,19.61,24.54,18.5,22.31,36.45,31.02,35.44,115.36,12.6
20170929,21.37,31.99,55.1,16.13,42.31,19.48,23.64,18.5,22.35,36.79,31.67,35.29,115.51,12.5
20171002,21.46,31.67,55.3,16.02,42.15,19.57,23.04,18.45,22.31,36.84,32.22,34.89,114.97,12.3
20171003,21.32,31.35,54.9,15.98,42.23,19.57,22.18,18.4,22.22,36.79,31.78,34.64,114.51,12.15
20171004,21.79,31.53,55.0,16.61,42.98,19.52,22.59,18.8,22.4,37.97,31.71,34.78,114.97,12.2
20171005,21.32,31.58,57.7,16.39,43.55,19.48,22.95,18.9,22.8,37.87,31.13,34.97,115.36,12.1
20171006,21.35,31.49,57.1,17.13,43.47,19.44,22.27,19.1,22.8,38.21,31.49,35.29,115.36,12.3
20171009,21.68,31.72,57.2,17.2,42.98,19.52,22.45,19.2,22.98,38.56,31.93,35.33,115.28,12.45
20171010,21.81,31.76,57.2,17.32,43.14,19.44,22.32,19.1,22.8,38.8,31.85,35.69,114.97,12.45
20171011,21.73,31.72,55.6,17.28,45.37,19.44,22.27,18.9,22.94,38.51,31.89,36.12,114.97,11.65
20171012,21.7,31.44,57.3,17.13,45.45,19.35,21.64,18.85,22.61,38.21,32.04,36.92,114.58,11.6
20171013,21.4,31.35,58.2,17.32,46.28,19.27,21.95,19.0,22.61,38.51,31.85,37.07,115.67,11.5
20171016,20.88,31.49,57.3,17.13,45.12,19.18,21.73,19.15,22.66,38.21,31.35,37.21,115.05,11.6
20171017,21.43,31.99,56.2,17.39,45.7,19.1,21.41,19.4,23.03,40.12,32.07,37.28,115.43,11.45
20171018,21.1,31.81,56.7,17.13,45.37,18.84,21.14,19.5,23.08,39.83,31.49,36.56,115.36,11.4
20171019,20.77,31.67,56.0,16.76,45.45,18.88,20.64,19.5,22.75,39.63,31.28,36.63,115.2,11.5
20171020,20.58,31.44,56.5,16.68,45.7,18.88,19.54,19.45,22.57,39.93,30.55,36.41,114.97,11.55
20171023,20.38,30.71,56.0,16.46,45.79,18.8,19.09,18.95,21.92,39.04,30.12,35.69,114.58,11.3
20171024,20.6,30.53,56.0,16.57,45.87,18.67,19.45,18.85,21.68,39.14,30.19,35.69,115.36,11.3
20171025,20.52,30.71,56.5,16.83,45.7,18.54,20.77,19.1,21.73,39.88,30.26,35.98,116.52,11.3
20171026,20.33,30.53,57.2,16.68,45.7,18.24,20.45,18.8,21.54,39.73,29.83,35.91,117.52,11.35
20171027,20.71,31.9,58.5,17.06,47.11,18.37,19.77,19.1,21.54,41.1,30.04,36.34,117.99,11.35
20171030,20.22,31.4,60.0,16.76,47.93,18.28,19.09,18.95,21.22,41.0,29.43,36.2,117.6,11.25
20171031,20.33,31.17,59.5,16.76,48.35,18.24,18.82,18.75,20.99,40.51,29.32,36.49,116.91,11.0
20171101,19.62,30.71,60.0,16.8,48.43,17.9,19.0,18.8,20.62,40.71,28.96,36.78,120.0,11.2
20171102,19.12,29.16,60.1,16.65,49.59,17.9,19.27,18.5,20.94,40.22,27.51,36.56,120.7,11.3
20171103,19.89,29.8,60.2,16.8,49.75,17.64,19.04,18.75,21.17,41.0,28.23,36.92,120.16,11.1
20171106,20.27,30.3,60.2,16.98,50.0,17.34,18.14,19.4,21.45,41.59,28.23,37.21,122.32,11.2
20171107,20.27,30.08,59.9,17.24,51.24,17.25,18.68,19.5,21.36,41.54,28.6,37.07,122.17,11.2
20171108,20.36,30.08,59.9,17.65,54.13,17.47,18.64,19.9,21.4,42.67,28.63,38.37,124.03,11.2
20171109,20.36,30.9,59.4,17.43,56.69,17.64,18.23,19.7,21.68,42.18,28.09,38.08,125.81,11.15
20171110,20.47,30.9,59.5,17.46,54.55,17.68,19.5,20.4,21.64,42.18,28.52,37.79,134.56,11.4
20171113,20.14,30.53,59.0,17.09,56.69,17.81,19.64,20.4,22.33,42.47,28.23,39.09,142.84,11.2
20171114,20.55,30.81,58.0,17.13,56.69,17.55,19.68,20.9,22.57,42.86,29.18,39.02,139.36,11.15
20171115,21.29,31.35,56.5,16.98,57.02,17.64,19.32,20.8,22.52,42.67,30.19,41.19,140.75,11.45
20171116,21.24,32.13,59.0,17.28,57.77,18.2,19.45,21.0,22.84,43.74,30.66,41.26,141.83,12.0
20171117,20.99,31.72,58.0,17.5,59.01,17.98,19.41,20.6,22.75,43.45,30.04,41.05,141.83,11.75
20171120,20.55,31.72,59.1,17.61,63.06,18.03,19.45,20.8,22.84,44.03,29.97,41.92,144.78,11.85
20171121,20.63,32.26,62.4,17.8,63.64,17.81,19.54,21.2,23.31,45.7,29.68,41.41,146.33,11.85
20171122,21.04,32.99,64.0,17.95,62.81,18.15,19.23,22.65,23.63,46.97,29.54,41.99,143.15,12.4
20171123,20.99,32.99,64.0,18.32,63.22,18.11,18.45,23.7,23.68,46.87,29.9,41.7,143.15,12.35
20171124,21.48,35.27,64.3,18.35,61.57,17.98,18.64,23.4,23.68,46.38,31.02,41.92,143.23,12.4
20171127,21.57,35.23,68.0,18.09,62.81,18.11,18.59,23.4,24.14,46.87,30.8,42.13,143.23,12.55
20171128,21.65,35.54,70.0,17.98,62.98,17.94,18.23,23.1,24.14,47.17,30.88,41.63,143.23,12.6
20171129,21.59,36.82,70.0,18.54,62.98,18.15,19.18,24.1,24.7,47.95,31.06,42.93,143.23,13.2
20171130,22.64,36.27,67.1,18.98,61.57,18.41,18.36,24.3,24.98,47.46,30.99,42.28,144.54,13.1
20171201,22.8,36.96,68.5,18.91,61.65,18.5,18.36,24.05,25.58,47.26,30.88,42.28,151.74,13.0
20171204,23.08,37.37,69.0,19.17,62.89,18.5,18.68,24.25,27.02,48.34,31.75,42.57,157.16,13.7
20171205,22.86,35.82,68.9,18.46,60.33,18.5,19.86,23.5,26.19,47.07,30.84,41.48,154.07,13.0
20171206,23.21,35.64,67.7,18.46,60.33,18.28,20.0,23.5,25.95,46.97,30.91,41.12,150.97,13.25
20171207,23.05,34.72,69.0,18.32,59.5,18.07,19.91,23.3,25.17,46.58,30.8,40.61,144.0,13.0
20171208,22.64,34.95,71.9,18.46,60.33,18.24,19.36,23.0,25.26,46.04,30.84,40.18,145.63,12.95
20171211,22.09,35.0,72.0,17.8,59.5,18.07,18.64,21.4,23.96,43.64,29.9,38.73,147.87,12.3
20171212,21.81,35.0,72.2,17.8,58.84,17.98,18.86,21.4,24.56,43.74,29.1,38.88,150.58,12.45
20171213,22.14,35.91,71.6,17.24,59.5,18.24,18.95,20.85,24.33,43.06,28.67,39.6,150.82,12.0
20171214,22.34,36.91,73.1,17.8,59.5,18.24,19.04,22.0,24.75,44.33,29.32,40.47,155.62,12.5
20171215,22.91,37.37,71.7,17.98,58.02,18.37,19.18,21.9,25.17,45.01,29.43,40.9,152.52,12.7
20171218,23.63,37.23,75.5,18.32,61.16,18.84,19.36,22.5,25.54,46.77,29.9,40.76,158.71,12.75
20171219,23.96,38.92,76.0,18.2,60.74,19.27,19.18,22.05,25.86,46.73,29.21,39.96,157.16,12.55
20171220,24.18,38.73,76.1,18.46,60.74,18.88,18.77,22.45,26.0,47.95,29.14,40.76,156.39,12.55
20171221,24.23,38.01,73.2,18.5,60.33,19.02,18.64,22.1,25.63,47.46,28.96,40.83,157.86,12.3
20171222,24.37,37.18,73.9,18.72,62.48,18.88,18.64,22.3,25.58,49.71,28.67,41.34,157.09,12.55
20171225,24.09,36.68,74.2,18.54,64.46,18.39,18.36,22.2,25.86,50.3,28.31,41.7,154.84,12.35
20171226,24.12,37.91,75.5,18.54,64.46,18.34,18.59,23.15,26.0,50.3,29.14,41.34,157.09,12.6
20171227,24.95,37.18,75.0,18.61,63.8,18.48,18.68,23.3,25.72,51.37,28.74,41.05,158.71,12.85
20171228,25.16,37.28,75.7,19.02,63.97,19.02,18.54,24.25,26.6,52.94,28.89,41.41,160.04,12.95
20171229,25.74,37.82,76.7,18.84,63.88,19.29,18.91,24.2,26.74,53.14,29.07,41.34,162.69,12.85
20180102,26.21,39.37,80.0,19.69,64.63,19.42,18.54,24.95,27.02,53.82,29.9,43.29,164.96,13.4
20180103,26.15,39.28,82.5,19.5,66.53,19.91,18.82,24.8,28.04,53.72,30.7,43.29,166.83,13.35
20180104,26.48,39.37,82.5,19.54,66.94,19.96,19.32,25.7,27.95,54.21,30.7,44.16,167.53,13.6
20180105,26.37,38.73,84.7,19.39,66.12,19.55,19.54,25.1,26.84,52.84,30.84,43.44,166.52,13.6
20180108,27.2,39.01,88.8,20.36,66.36,19.51,20.82,25.7,27.39,54.21,31.85,44.09,163.79,14.55
20180109,29.07,39.65,90.0,20.54,66.61,19.64,21.0,25.7,27.67,57.25,32.29,44.96,161.45,14.85
20180110,28.41,39.92,87.0,20.58,66.78,20.0,21.64,25.5,28.18,56.76,32.58,44.52,164.57,15.6
20180111,28.41,39.65,90.0,20.87,66.94,19.82,22.14,25.65,28.14,57.54,33.37,44.52,163.79,16.25
20180112,28.63,38.73,93.0,20.39,70.58,19.51,21.14,25.6,29.07,56.76,32.94,43.58,163.71,15.5
20180115,30.0,38.78,92.8,20.99,72.07,19.91,20.64,26.1,29.67,58.71,32.9,44.16,162.62,15.35
20180116,30.77,38.78,92.4,21.17,71.07,20.72,21.0,26.6,29.58,58.71,32.9,44.16,162.46,14.95
20180117,29.45,37.37,90.2,20.76,69.42,20.36,19.95,25.2,28.32,54.99,31.49,42.71,156.85,14.3
20180118,30.77,37.73,92.0,21.21,69.75,20.72,21.18,25.5,29.25,57.25,31.78,42.71,160.35,15.0
20180119,32.8,37.37,87.5,21.06,69.42,20.54,21.18,25.3,30.18,59.69,32.07,42.64,160.35,15.45
20180122,34.95,38.1,92.5,21.21,70.25,20.72,20.64,25.75,31.76,61.94,32.0,44.09,165.03,15.1
20180125,33.79,38.32,97.2,22.5,70.33,21.98,20.36,26.75,32.87,66.25,31.64,44.23,161.45,15.4
20180126,35.11,38.1,97.5,23.86,70.66,22.96,19.95,27.3,32.78,67.62,31.13,44.02,165.19,15.7
20180129,33.79,37.73,94.5,25.07,70.66,23.32,18.77,28.3,33.99,66.54,30.26,43.65,161.06,16.75
20180130,33.68,37.82,90.8,24.85,70.25,23.41,18.5,28.05,33.89,65.56,31.85,46.33,159.5,17.1
20180131,34.23,38.87,92.1,24.16,71.07,21.89,18.59,27.2,31.67,65.17,31.78,45.54,158.72,16.25
20180201,33.52,38.87,92.1,23.25,71.57,21.48,18.5,27.25,32.08,65.17,30.91,44.59,158.33,15.7
20180202,33.57,38.92,91.0,23.48,72.07,22.34,18.91,28.0,32.59,65.95,30.48,44.16,161.45,16.25
20180205,31.32,36.23,84.7,21.97,67.02,20.99,17.59,26.05,30.32,61.36,30.04,41.34,158.41,15.15
20180206,31.87,34.18,86.0,21.06,67.02,20.99,16.36,24.35,28.97,60.67,28.23,39.24,154.35,15.4
20180207,32.69,34.91,83.0,22.12,66.94,21.08,15.54,25.75,30.64,62.14,28.92,40.97,156.22,15.75
20180208,32.8,34.18,85.0,21.44,65.29,20.18,15.91,24.5,29.34,61.55,28.09,39.96,153.73,14.9
20180209,32.03,33.9,82.2,21.89,64.63,19.46,15.64,24.5,29.34,59.59,28.23,39.82,148.97,14.95
20180212,32.31,35.09,85.0,23.41,69.09,19.69,16.27,26.2,31.2,62.14,28.92,41.34,149.75,15.9
20180213,33.3,36.18,85.6,23.86,71.16,19.46,16.23,27.2,31.71,62.63,29.68,42.71,150.92,15.9
20180221,32.97,36.18,89.5,24.01,74.38,20.63,16.32,27.85,32.59,64.78,30.37,43.0,158.48,16.3
20180222,32.36,35.59,88.0,23.9,74.79,21.35,16.68,28.65,31.94,65.37,29.68,42.28,156.77,16.1
20180223,33.85,36.27,89.8,25.0,75.7,21.39,16.91,30.4,32.69,69.87,30.99,43.8,157.55,16.45
20180226,35.38,36.46,89.9,24.66,78.51,21.17,16.64,30.7,32.55,70.36,31.49,43.73,155.99,16.05
20180227,35.22,36.41,91.4,24.85,77.27,21.44,16.45,32.1,32.78,71.63,31.2,43.29,155.99,16.15
20180228,36.26,36.55,89.2,26.06,78.43,21.08,16.27,33.6,34.27,72.22,30.12,43.29,152.87,16.1
20180301,36.65,35.7,91.0,25.68,77.69,20.23,16.45,32.7,35.1,69.97,30.77,44.02,152.87,15.75
20180302,36.43,35.41,91.5,25.91,78.1,20.27,16.41,32.7,35.29,70.26,31.85,44.23,155.44,15.7
20180305,33.9,35.79,91.0,24.62,77.69,19.91,16.18,30.5,32.83,66.54,31.28,44.52,157.86,14.95
20180306,35.11,36.17,90.5,25.75,81.4,20.45,16.36,32.3,35.1,69.67,31.49,45.82,157.55,15.3
20180307,33.57,35.6,91.4,25.0,81.49,20.45,16.27,31.5,35.47,68.11,30.99,45.03,160.74,15.05
20180308,33.96,35.89,94.0,25.03,85.29,20.86,16.14,31.7,35.43,68.01,30.77,45.03,163.01,15.2
20180309,33.79,36.65,94.1,25.38,85.54,20.45,16.14,32.4,36.03,69.48,29.43,44.59,162.23,15.4
20180312,34.07,37.88,95.2,25.6,82.64,20.18,15.45,33.45,35.66,70.46,28.99,44.45,160.67,15.95
20180313,33.79,37.88,95.0,26.28,84.79,20.23,16.5,35.7,36.68,70.46,28.09,43.51,163.79,16.1
20180314,33.96,38.74,94.0,26.36,84.71,21.03,17.54,35.55,36.4,72.22,28.63,44.02,166.13,16.05
20180315,33.3,39.02,93.0,27.23,82.23,20.77,17.59,36.6,36.45,72.22,28.09,43.87,163.94,16.15
20180316,33.08,38.17,92.0,27.27,82.4,20.81,16.73,36.7,38.07,73.1,27.74,43.51,166.91,16.3
20180319,34.67,37.41,94.3,27.19,86.28,20.45,16.27,36.3,38.07,72.71,27.2,43.8,165.35,16.05
20180320,33.79,37.31,100.5,27.57,86.12,20.18,16.82,36.0,38.12,72.41,27.02,44.38,163.01,16.0
20180321,34.62,37.03,102.4,27.88,89.26,20.45,16.86,36.2,38.03,71.92,27.69,44.16,163.01,16.25
20180322,34.51,36.74,103.6,27.27,89.26,20.5,16.54,35.8,37.42,70.46,27.38,43.51,163.01,16.0
20180323,33.74,35.79,102.0,26.89,90.5,20.5,15.82,34.95,36.77,68.4,27.2,42.42,161.45,15.75
20180326,32.36,35.79,109.1,27.12,94.05,20.09,16.0,35.8,37.33,70.36,26.76,42.86,162.62,15.65
20180327,32.64,36.08,109.0,27.12,93.39,19.82,15.82,35.8,37.14,69.48,27.38,43.07,166.13,15.5
20180328,32.91,36.65,110.4,26.81,94.63,19.73,15.77,35.2,36.68,68.99,27.83,42.64,164.57,15.35
20180329,33.41,35.89,109.5,26.66,95.04,19.69,15.54,35.0,36.22,69.48,27.51,43.07,161.45,15.25
20180330,33.19,35.79,113.5,26.28,96.86,19.73,16.0,34.6,36.22,68.99,27.42,43.94,158.33,15.5
20180402,32.42,36.27,114.6,27.12,101.65,19.51,15.82,36.2,37.89,72.41,26.76,44.52,155.75,15.8
20180403,32.14,37.5,113.0,27.8,101.07,19.15,15.86,36.3,39.19,72.71,27.07,44.3,151.07,15.7
20180404,32.42,37.31,110.0,27.65,105.37,19.11,15.86,35.9,38.91,71.92,26.8,44.67,155.99,15.6
20180405,32.31,37.17,109.5,27.8,108.26,19.11,15.91,35.6,38.91,71.92,26.76,45.61,153.88,15.7
20180406,33.19,37.45,106.8,27.72,109.42,19.06,16.41,35.7,38.91,71.92,27.11,45.39,154.58,16.1
20180409,33.41,37.36,107.0,27.88,111.49,19.11,16.41,37.7,41.14,72.22,27.07,45.9,154.27,16.4
20180410,33.41,37.88,105.0,27.69,108.26,19.46,16.14,37.3,40.39,72.9,26.76,46.62,153.65,16.2
20180411,33.24,36.55,98.0,26.66,104.13,19.11,15.59,35.7,38.82,69.67,26.04,45.61,152.87,15.65
20180412,33.9,36.65,102.0,26.36,104.96,19.2,15.73,35.7,39.0,69.38,25.64,46.04,153.1,15.6
20180413,33.63,36.22,102.5,25.07,105.45,18.75,16.04,34.2,38.35,66.44,26.04,44.88,152.63,15.45
20180416,33.02,35.6,104.3,25.45,106.36,18.57,16.36,34.0,38.44,64.49,26.09,44.23,148.19,15.5
20180417,32.8,36.17,104.0,26.13,107.44,18.39,16.95,34.8,39.0,65.56,26.04,44.88,143.9,15.8
20180418,32.42,36.08,100.0,25.49,107.36,18.07,16.54,33.55,38.54,63.41,26.13,44.88,146.24,15.5
20180419,31.32,35.32,93.0,24.16,99.92,17.9,16.32,31.6,37.7,59.69,25.51,43.94,146.24,15.0
20180420,32.31,35.7,96.2,24.88,101.65,18.03,16.82,33.5,39.0,62.63,25.55,44.38,145.07,15.45
20180423,30.55,34.27,95.0,23.18,101.82,17.04,16.18,31.2,36.31,58.32,24.7,41.99,142.26,14.4
20180424,30.77,34.18,95.8,23.14,104.96,17.18,16.18,30.35,34.73,58.71,24.39,40.83,140.39,14.15
20180426,29.4,32.8,89.2,21.59,104.96,17.13,15.86,28.25,32.32,56.95,23.19,39.82,141.17,13.35
20180427,29.56,34.08,91.8,22.65,104.13,17.13,16.45,29.3,33.43,58.71,23.63,41.26,144.29,13.85
20180502,29.89,33.99,93.4,22.19,103.31,16.68,16.73,27.25,32.32,56.95,23.99,41.26,143.9,13.3
20180503,29.84,34.08,92.0,22.91,101.65,16.28,16.77,29.0,32.5,58.32,23.9,41.99,144.29,13.7
20180504,29.67,33.8,91.5,23.25,102.89,16.42,16.59,28.5,31.8,57.73,23.77,42.57,143.51,13.45
20180507,30.77,34.61,96.5,24.39,102.98,16.59,16.5,30.45,33.8,60.77,23.81,43.15,148.19,13.95
20180508,31.32,34.56,97.0,23.86,102.4,16.59,15.91,30.4,33.24,59.69,24.53,42.71,144.37,13.65
20180509,31.32,34.27,95.0,23.63,101.57,16.77,15.91,30.0,33.24,58.22,24.08,42.28,144.29,13.5
20180510,30.33,33.7,94.0,22.38,99.59,17.13,15.68,28.0,31.85,55.29,23.5,42.21,140.39,12.9
20180511,30.6,33.94,93.9,23.14,102.48,17.22,16.27,29.4,32.13,56.66,23.77,43.07,138.83,13.1
20180514,30.66,34.46,98.0,23.48,109.09,17.4,16.36,29.5,32.5,57.05,24.21,44.59,138.83,13.1
20180515,30.44,34.94,96.2,23.48,109.09,17.85,16.0,29.85,32.97,57.44,24.53,44.45,137.27,13.1
20180516,29.67,34.37,92.9,22.95,107.44,17.31,15.64,29.1,32.04,55.78,25.15,43.8,131.89,13.05
20180517,29.12,34.37,87.0,22.65,101.65,17.31,15.64,29.2,31.2,55.58,24.88,43.87,128.69,12.75
20180518,29.62,34.37,92.5,22.95,101.65,17.04,15.86,29.45,30.64,55.29,24.88,44.02,133.45,12.75
20180521,29.23,33.99,89.0,22.42,94.55,16.95,15.77,28.8,29.72,54.51,24.26,44.16,129.47,12.6
20180522,27.75,32.28,85.0,21.82,87.93,16.68,15.36,27.1,27.9,52.25,23.41,43.22,126.35,12.0
20180523,28.41,32.47,85.0,22.19,85.12,16.46,15.45,28.0,28.97,53.33,23.63,43.87,130.48,12.15
20180524,28.79,31.61,84.5,22.16,86.03,15.7,14.91,27.35,28.28,52.16,23.37,43.07,131.03,12.05
20180525,28.63,30.86,83.5,21.36,88.43,15.34,13.91,26.15,27.39,48.93,22.74,41.76,129.47,11.65
20180528,26.76,29.24,80.0,19.92,91.74,14.8,12.95,24.35,25.54,45.8,21.23,38.86,128.69,10.85
20180529,28.57,30.95,80.0,21.29,90.91,14.8,13.0,26.05,27.3,48.93,22.56,40.48,131.5,11.6
20180530,29.01,30.38,80.0,20.87,91.74,14.8,13.04,25.65,27.81,50.88,22.47,38.82,129.08,11.5
20180531,30.82,31.28,81.0,22.04,95.87,14.89,13.41,27.1,29.72,52.94,22.79,39.29,128.07,11.75
20180601,31.32,31.43,83.9,22.16,98.35,15.16,13.64,27.45,30.04,55.78,23.19,39.67,131.19,11.75
20180604,32.97,32.18,84.2,23.07,99.17,15.79,14.36,27.95,31.02,58.03,24.39,40.35,136.49,12.55
20180605,32.42,32.56,85.4,23.07,100.08,16.24,14.32,28.4,31.11,57.34,24.97,40.82,139.24,12.9
20180606,33.41,33.18,85.5,23.14,102.56,16.1,14.18,28.95,31.48,57.83,26.22,41.42,137.66,13.3
20180607,34.01,32.56,87.3,23.41,102.64,17.04,14.45,28.35,30.97,57.44,25.86,40.82,139.47,13.0
20180608,33.68,32.56,86.0,23.29,102.64,17.09,14.45,28.55,31.57,58.42,25.69,40.95,139.24,12.9
20180611,33.3,32.28,85.0,22.95,102.73,17.09,14.36,28.05,31.62,57.73,24.88,40.57,141.67,12.6
20180612,32.69,31.71,82.4,22.31,102.81,16.55,13.73,27.4,31.2,56.76,24.35,39.54,142.38,12.8
20180613,33.38,31.8,83.5,22.35,105.79,16.55,13.45,27.45,31.53,58.62,24.75,39.97,142.38,12.8
20180614,32.77,31.33,84.5,21.66,104.13,16.69,13.64,26.8,30.27,56.85,24.88,39.8,141.6,12.55
20180615,33.08,31.52,85.0,22.27,102.07,16.36,13.27,27.1,31.11,57.73,25.06,39.71,141.6,12.4
20180618,30.92,29.91,84.0,21.21,101.98,16.03,13.32,25.85,29.02,55.29,23.99,38.77,135.85,12.0
20180619,29.5,29.81,80.0,20.83,101.65,15.6,13.91,25.4,28.79,55.29,23.1,38.0,130.82,11.7
20180620,30.77,30.14,81.0,21.13,103.31,15.98,13.86,26.15,29.25,56.85,23.54,38.77,132.79,12.0
20180621,30.19,29.81,81.0,20.53,102.48,15.84,13.54,25.35,28.69,55.78,23.01,37.92,133.73,11.7
20180622,31.5,29.81,81.0,21.13,101.49,16.03,14.45,25.9,29.34,57.44,23.32,38.43,140.02,12.0
20180625,31.92,30.29,83.0,21.36,102.23,16.74,14.18,26.35,29.39,58.13,23.41,38.52,140.97,12.15
20180626,31.62,30.19,82.5,21.13,102.15,16.41,14.23,26.0,29.16,58.03,23.01,38.0,138.37,12.0
20180627,30.38,30.19,81.0,20.68,103.47,16.41,14.18,25.0,27.58,56.76,22.92,37.83,137.66,11.8
20180628,29.88,29.72,79.0,20.07,107.5,16.22,14.54,24.3,26.47,56.66,22.74,36.3,133.73,11.55
20180629,29.54,30.29,79.0,19.85,107.5,16.31,14.09,24.25,26.47,56.76,22.34,35.44,133.73,11.55
20180702,29.54,29.1,76.0,18.82,107.2,15.93,13.14,23.1,25.54,56.85,21.76,34.33,134.52,11.1
20180703,27.92,28.1,74.0,17.76,99.7,15.74,13.36,21.5,23.96,54.8,20.96,33.31,133.73,10.35
20180704,28.54,28.48,74.1,18.1,105.0,15.74,13.36,21.9,25.3,54.41,21.4,34.16,131.37,10.3
20180705,27.77,28.77,73.9,17.08,106.5,15.7,13.36,20.5,24.93,50.88,21.0,33.73,129.8,9.72
20180706,28.31,29.15,74.0,18.25,106.2,15.74,13.54,21.9,26.56,53.82,21.63,34.84,130.58,10.4
20180709,27.46,28.96,74.2,18.39,105.0,15.93,13.91,22.1,25.82,52.84,21.63,34.29,131.37,10.4
20180710,27.31,29.1,74.2,18.57,103.0,16.45,13.91,22.35,25.68,51.96,21.36,34.5,131.37,10.4
20180711,26.46,28.39,74.0,17.49,104.5,15.79,13.64,20.9,24.14,50.1,21.05,33.48,131.37,10.0
20180712,25.96,28.15,74.0,18.21,103.0,15.84,13.68,21.8,24.24,51.28,21.14,33.14,132.39,10.15
20180713,27.38,28.67,74.9,18.75,103.0,16.17,13.77,22.6,25.49,53.62,21.36,34.67,130.82,10.45
20180716,27.31,28.81,74.2,19.29,102.5,16.26,13.86,22.8,25.35,53.72,21.81,34.93,132.16,10.5
20180717,27.77,29.15,74.5,20.15,104.0,16.36,13.77,24.0,25.82,54.6,22.3,35.78,132.08,10.75
20180718,28.62,31.14,76.0,20.82,105.0,16.79,13.73,24.9,27.12,56.27,22.65,36.64,132.94,11.2
20180719,28.62,31.71,79.1,20.37,105.0,16.69,13.73,24.4,26.84,55.58,22.21,36.3,134.12,11.0
20180720,28.23,31.05,79.1,21.0,103.6,16.5,13.36,24.7,27.07,55.58,21.85,35.53,133.34,11.0
20180723,28.42,32.28,79.1,20.6,104.0,16.88,13.82,23.6,26.14,55.39,21.89,35.87,133.73,11.75
20180724,27.23,31.85,80.5,20.37,104.5,16.88,14.36,23.55,25.44,55.78,21.89,36.04,133.65,11.4
20180725,27.31,31.9,81.0,19.83,104.4,17.17,14.73,22.8,24.61,54.11,21.4,36.21,133.65,11.2
20180726,28.08,32.18,81.0,20.28,106.0,17.02,14.73,23.0,25.72,55.48,21.4,36.34,134.91,11.25
20180727,28.69,32.28,81.3,20.73,106.4,16.88,14.86,23.4,25.91,55.29,21.81,36.98,132.79,11.2
20180730,28.5,32.75,81.4,21.18,106.4,17.17,15.27,23.85,26.56,56.07,23.32,36.98,132.55,11.5
20180731,28.73,33.51,84.2,21.14,106.4,17.5,15.18,23.6,26.84,57.25,23.46,36.55,132.31,11.45
20180801,28.92,32.75,84.2,20.82,106.5,17.26,15.0,23.2,26.93,57.34,22.97,35.87,131.29,11.3
20180802,28.65,33.23,84.2,20.69,106.7,17.21,14.82,22.95,27.25,57.73,22.92,36.47,129.8,11.05
20180803,27.92,32.28,85.0,20.82,111.5,17.12,15.0,22.85,26.98,57.25,22.92,36.38,127.12,11.05
20180806,27.81,31.8,87.4,20.6,111.5,17.5,14.82,22.85,26.56,57.73,22.56,36.08,125.78,11.15
20180807,27.81,31.33,90.0,20.55,110.3,17.36,14.77,23.05,26.88,60.18,22.56,35.83,120.36,11.15
20180808,28.23,32.75,90.0,21.0,108.8,17.36,14.82,23.95,27.44,60.77,22.65,36.3,122.32,11.35
20180809,28.12,32.18,89.9,20.87,104.2,17.17,14.54,24.05,27.49,59.99,23.46,36.55,123.5,11.3
20180810,28.46,32.33,89.0,20.96,104.2,16.88,14.73,24.25,28.14,62.14,23.28,36.81,123.66,11.25
20180813,29.46,32.33,90.9,21.95,102.8,16.69,14.73,25.75,29.25,62.43,23.05,37.11,122.8,11.8
20180814,29.62,33.23,93.5,21.5,103.3,17.21,15.0,25.3,28.79,61.45,23.23,37.83,124.37,11.6
20180815,28.85,32.71,91.5,21.0,101.9,16.93,15.45,25.2,27.86,59.3,22.39,37.41,124.68,11.4
20180816,28.85,33.13,90.0,21.36,102.1,17.17,16.0,26.15,27.67,59.3,22.92,37.58,124.76,11.4
20180817,29.0,32.56,89.6,21.09,102.3,16.98,16.68,26.0,27.58,60.67,22.65,38.02,124.68,11.2
20180820,28.65,32.42,89.9,20.64,102.6,16.98,17.0,25.7,27.07,60.08,22.65,38.19,125.94,11.15
20180821,28.85,32.71,90.3,21.14,103.1,16.88,17.45,26.5,28.42,61.36,22.74,38.19,128.22,11.2
20180822,29.23,33.42,92.0,21.09,103.6,16.88,17.45,26.25,28.04,60.57,23.77,38.5,128.22,11.45
20180823,29.31,34.56,91.2,21.14,104.6,16.88,17.45,26.1,28.37,61.26,23.68,38.81,128.46,11.4
20180824,29.5,34.56,90.6,21.18,104.0,16.83,17.95,26.1,28.04,60.67,24.21,38.85,127.59,11.3
20180827,29.96,34.56,91.2,21.54,104.2,16.6,17.54,27.2,28.65,61.75,24.08,38.81,126.1,11.4
20180828,30.69,34.18,91.4,21.54,104.2,16.6,17.27,27.25,29.44,62.63,23.9,38.63,125.31,11.5
20180829,30.46,33.99,91.0,21.41,103.0,16.26,17.41,27.0,29.62,61.75,23.54,38.63,123.98,11.4
20180830,30.5,34.65,97.0,21.72,103.4,16.22,17.32,27.6,29.95,62.43,23.68,38.59,123.11,11.5
20180831,30.73,33.99,95.0,21.36,103.4,16.64,17.27,27.15,29.34,61.16,23.59,38.63,123.27,11.35
20180904,30.0,33.61,94.0,20.82,102.1,16.79,17.0,25.9,28.51,59.69,23.37,38.54,123.27,11.25
20180905,29.69,33.04,93.0,20.51,101.5,16.5,17.09,26.05,28.69,59.3,23.77,37.84,120.0,11.1
20180906,29.73,32.66,94.8,20.24,98.0,16.22,17.77,25.9,28.69,59.01,24.17,37.01,116.75,11.05
20180907,30.54,33.13,95.0,20.6,97.2,16.6,18.09,26.5,29.25,60.67,24.21,37.58,121.53,11.3
20180910,30.15,32.71,91.5,20.42,99.3,16.6,17.95,26.2,29.07,60.67,24.04,37.19,122.01,11.75
20180911,30.77,33.23,92.5,20.73,101.2,16.5,17.91,26.95,29.9,61.65,24.3,37.71,126.21,11.8
20180912,30.38,33.51,92.6,20.51,101.4,16.55,18.09,26.5,29.44,61.26,24.08,37.63,126.6,12.1
20180913,30.58,33.51,92.4,20.55,100.3,16.45,18.36,26.65,29.53,61.55,24.08,37.93,126.31,12.05
20180914,30.38,33.85,91.6,20.37,101.0,16.45,18.64,26.95,29.81,62.63,24.12,38.94,127.17,12.0
20180917,30.35,33.23,91.6,19.92,99.0,16.6,18.54,26.6,29.07,61.55,24.45,38.54,130.04,11.85
20180918,30.35,33.7,90.1,19.92,99.6,16.5,18.54,26.9,29.72,61.94,24.55,39.16,131.95,12.4
20180919,30.5,33.7,91.2,20.19,98.6,16.64,19.0,26.8,29.95,61.94,25.02,39.72,131.76,12.55
20180920,31.46,34.37,92.5,20.37,98.5,17.17,19.04,27.45,30.27,63.02,25.73,40.12,130.04,12.65
20180921,31.77,34.18,91.0,20.69,98.6,17.02,19.09,28.1,30.55,63.21,25.78,40.12,131.76,12.7
20180924,31.77,34.84,94.5,20.91,99.6,17.36,19.54,28.0,30.78,63.8,25.63,40.29,130.99,12.55
20180925,31.73,34.37,94.4,20.64,99.5,17.55,19.41,27.8,30.6,63.02,25.63,40.12,130.9,12.65
20180926,31.54,35.32,93.5,20.73,99.0,18.49,19.54,27.65,30.64,62.43,25.97,40.25,130.52,12.7
20180927,31.96,35.18,92.5,20.73,98.6,18.54,19.5,27.6,31.2,62.04,25.82,40.38,132.43,12.65
20180928,32.54,35.03,92.8,20.82,98.3,18.4,19.27,27.55,31.11,61.65,25.4,40.47,131.28,13.5
20181001,32.62,34.65,93.9,20.82,98.5,18.78,18.73,27.05,30.83,61.16,25.35,40.2,130.33,13.85
20181002,31.77,34.27,94.0,20.64,102.0,18.49,18.68,27.1,30.69,61.65,24.93,39.59,130.99,13.9
20181003,31.77,34.65,93.2,20.82,102.2,18.21,18.91,27.5,30.97,61.65,25.12,39.77,130.9,13.85
20181004,31.85,35.08,93.9,21.63,100.6,18.3,18.68,27.7,31.88,61.65,26.15,40.07,130.9,13.85
20181005,31.88,35.18,91.0,21.36,98.5,17.97,18.54,27.1,31.21,61.55,26.77,39.85,129.27,13.8
20181008,31.69,35.08,89.8,21.41,96.6,17.64,18.54,26.85,31.16,61.06,26.77,39.33,127.17,13.85
20181009,31.54,35.13,88.0,20.78,96.6,17.55,18.73,26.7,31.26,61.16,26.58,39.07,125.16,13.55
20181010,31.85,34.7,84.5,20.51,96.6,17.45,19.0,26.45,31.21,61.16,26.34,39.59,124.3,13.4
20181011,30.69,32.28,78.6,19.15,93.0,16.74,18.18,24.6,29.05,57.19,24.5,37.32,121.43,12.5
20181012,31.38,32.99,81.3,19.65,96.0,17.07,18.59,25.4,29.63,59.37,25.02,38.28,122.87,13.05
20181015,31.04,32.09,78.5,19.2,95.5,16.6,18.41,24.75,29.01,58.58,24.27,37.58,120.19,12.95
20181016,31.35,32.61,78.6,19.61,98.6,17.07,18.59,25.15,29.05,58.68,24.88,37.8,120.48,13.6
20181017,31.54,33.23,81.0,19.52,99.0,17.17,18.73,25.3,29.48,58.68,25.4,38.11,121.34,13.55
20181018,31.54,32.56,80.2,19.06,99.1,17.07,18.41,24.85,29.1,57.49,25.63,38.11,120.48,13.5
20181019,31.35,32.09,81.0,18.93,99.1,17.07,18.64,24.7,28.86,57.19,25.87,37.58,121.24,13.45
20181022,30.85,32.28,79.2,19.02,99.1,17.07,18.5,24.45,28.72,56.6,25.02,37.71,120.29,12.95
20181023,30.38,31.52,77.5,19.29,99.0,16.98,18.73,23.65,27.76,55.31,24.41,36.88,118.09,12.55
20181024,30.15,31.09,75.0,18.97,98.8,16.74,18.82,23.2,27.09,55.01,23.79,36.53,117.23,12.6
20181025,30.0,30.38,77.5,18.93,96.8,16.6,18.73,23.0,26.8,54.32,23.7,35.88,114.74,12.55
20181026,29.92,29.91,76.5,18.97,96.4,17.07,18.68,22.5,26.37,53.03,25.35,35.66,116.17,12.3
20181029,29.88,29.86,76.5,19.15,97.2,17.07,19.0,22.1,26.23,52.43,25.4,35.83,114.74,12.0
20181030,29.77,29.19,78.0,19.25,96.6,17.26,18.73,22.2,26.33,53.72,25.45,35.83,112.16,11.95
20181031,30.96,29.91,83.0,19.74,97.2,17.83,18.82,23.4,27.43,55.11,25.92,36.66,111.01,12.5
20181101,30.46,29.34,82.0,19.38,95.5,17.55,18.82,22.85,26.8,54.51,25.97,36.62,109.29,12.2
20181102,30.77,30.38,84.5,19.65,96.0,17.83,18.91,23.5,27.57,55.7,25.97,37.49,113.31,12.4
20181105,30.77,30.38,85.2,19.7,96.0,17.83,19.54,23.5,27.67,56.0,26.06,37.19,111.39,12.35
20181106,30.46,30.0,84.0,19.38,95.8,17.73,19.64,23.25,27.38,55.31,26.15,36.84,112.54,12.25
20181107,30.12,29.72,84.7,19.38,96.0,17.83,20.41,23.25,27.28,55.01,26.15,36.58,114.26,12.7
20181108,29.92,30.05,84.5,19.29,96.0,17.78,20.27,23.2,27.43,55.21,26.63,36.84,114.74,12.6
20181109,28.92,29.62,84.3,18.84,95.9,17.5,20.32,22.6,26.61,53.82,26.15,36.05,111.87,12.35
20181112,28.88,29.57,83.6,18.75,95.9,17.5,20.5,22.45,27.09,54.12,26.58,36.66,111.87,12.2
20181113,28.38,29.38,79.0,18.52,93.3,17.73,20.32,22.0,26.66,53.13,27.57,36.4,110.92,12.0
20181114,27.54,28.96,79.0,18.25,94.7,17.83,20.64,21.2,26.61,52.73,28.14,36.93,112.35,11.95
20181115,26.92,29.15,79.4,18.43,91.7,18.11,19.23,21.25,26.42,52.93,27.0,36.88,111.87,12.0
20181116,27.08,29.53,79.6,19.15,90.1,17.92,19.64,21.95,26.52,52.73,27.15,37.36,109.96,12.1
20181119,27.27,29.72,81.8,19.2,96.4,18.02,19.68,23.05,27.28,53.52,27.19,37.71,110.34,12.3
20181120,28.08,29.57,81.8,19.02,97.2,18.59,19.73,23.2,27.19,53.33,27.71,37.93,111.39,12.2
20181121,28.08,30.95,81.2,19.25,97.3,18.83,19.73,23.3,27.67,54.91,27.81,37.93,113.97,12.25
20181122,27.54,30.86,82.0,19.11,98.0,18.87,19.64,22.95,27.43,54.32,27.48,37.93,114.84,12.4
20181123,27.35,31.05,81.6,18.88,99.0,18.92,19.64,22.45,26.71,53.52,26.86,37.63,112.83,12.25
20181126,27.38,30.86,82.1,18.75,100.5,18.78,19.64,22.5,26.61,53.52,26.63,37.1,117.7,12.3
20181127,27.38,30.71,82.0,18.61,101.5,19.63,19.95,22.3,26.76,52.93,26.58,37.36,120.95,12.15
20181128,27.08,30.71,81.3,18.79,102.0,19.63,19.95,22.75,27.0,54.61,26.44,37.41,122.39,12.25
20181129,26.31,30.76,81.0,18.84,102.0,20.06,19.54,22.85,27.09,54.51,26.48,37.49,120.76,12.15
20181130,25.54,30.19,80.0,19.43,101.7,20.49,19.18,23.0,27.28,54.91,26.15,37.49,122.39,12.15
20181203,26.77,31.47,82.2,19.97,101.9,20.58,19.09,24.15,28.38,57.49,26.67,39.24,127.74,12.8
20181204,26.62,31.66,84.1,19.83,102.0,20.58,18.77,23.9,28.19,57.09,27.24,39.29,130.52,12.8
20181205,27.15,31.71,84.1,20.01,102.1,20.11,18.0,24.1,28.24,57.29,27.0,38.98,127.17,12.7
20181206,26.62,31.57,83.8,20.28,102.1,20.67,18.14,23.95,28.14,56.4,27.1,38.81,125.93,12.6
20181207,26.65,31.66,84.6,20.28,102.2,19.92,18.23,24.05,28.38,56.7,27.52,39.42,128.03,12.65
20181210,25.96,31.38,85.6,19.92,102.1,19.73,18.32,23.1,28.0,56.4,27.38,38.63,129.08,12.5
20181211,25.73,31.05,85.9,20.06,102.2,19.92,18.27,23.3,27.91,56.3,27.1,38.5,128.89,12.5
20181212,25.85,31.33,87.0,20.28,102.2,19.92,18.36,23.5,28.38,57.49,27.29,38.85,128.13,12.7
20181213,26.15,31.19,87.1,20.01,102.8,19.77,19.09,23.15,28.43,57.09,27.29,38.98,129.08,12.9
20181214,25.77,30.76,85.5,19.65,102.7,20.3,18.73,22.35,28.05,56.0,27.0,38.59,129.08,12.8
20181217,24.92,30.05,82.0,19.15,102.5,19.87,18.64,21.65,27.33,54.32,26.3,37.58,128.03,12.5
20181218,23.92,30.24,81.2,19.2,102.0,19.87,18.18,21.45,27.0,54.61,25.82,36.71,125.93,12.4
20181219,22.85,30.33,81.5,19.06,102.0,19.92,18.0,20.4,26.9,53.92,25.63,36.8,123.44,12.45
20181220,23.04,30.14,81.0,18.88,101.9,20.63,18.14,20.2,26.95,54.12,25.78,36.75,120.67,12.25
20181221,23.04,30.05,78.6,18.88,102.0,20.39,18.64,20.85,26.66,54.02,25.78,37.15,117.13,12.1
20181224,23.46,29.72,79.0,18.43,102.0,20.86,18.82,20.35,25.85,52.63,25.78,36.71,120.09,12.15
20181225,23.38,29.05,80.0,17.76,101.9,21.58,19.1,19.7,25.7,52.24,24.83,36.27,119.14,11.95
20181226,23.31,29.15,79.0,17.67,101.9,21.53,19.1,19.3,25.51,52.33,24.64,36.18,118.56,11.95
20181227,23.81,29.34,79.0,17.76,102.4,21.43,19.42,19.35,25.85,53.03,24.69,36.53,118.75,12.0
20181228,23.81,29.24,77.5,17.53,95.3,21.15,19.28,19.3,25.51,53.03,24.69,36.88,115.67,11.95
20190102,23.69,29.1,78.6,17.44,100.4,20.86,18.96,19.0,25.37,53.13,24.93,36.01,119.52,11.6
20190103,22.69,28.48,78.0,16.68,100.3,19.92,18.5,18.1,24.89,53.13,24.08,35.66,118.46,11.1
20190104,22.85,28.29,76.2,16.77,100.6,20.49,18.54,18.35,24.89,53.92,24.12,35.92,120.49,11.15
20190107,22.58,28.67,78.2,17.08,101.0,20.67,18.77,18.15,24.94,54.12,24.27,36.53,126.27,11.5
20190108,22.19,28.48,79.0,16.99,101.0,20.25,18.82,17.9,24.6,54.51,24.22,36.71,125.31,11.35
20190109,22.69,29.05,79.0,17.44,101.5,20.3,18.91,18.35,24.65,55.31,24.45,37.06,127.14,11.4
20190110,22.92,29.53,80.2,17.44,101.4,20.44,18.96,18.85,24.46,54.51,24.45,36.84,126.95,11.4
20190111,22.58,29.91,80.7,17.35,101.4,20.25,19.24,18.8,25.03,54.71,24.27,36.88,129.16,11.4
20190114,22.54,29.72,80.5,17.13,101.4,20.2,19.19,18.8,24.7,54.81,24.55,37.15,130.13,11.2
20190115,22.54,30.48,81.9,17.58,101.5,20.86,19.34,18.9,24.89,55.41,25.02,37.41,130.03,11.3
20190116,22.65,30.24,81.4,17.53,102.0,20.96,19.39,18.7,24.65,54.91,25.02,37.19,128.2,11.3
20190117,22.23,29.95,80.2,17.8,102.0,21.58,19.29,18.45,24.12,54.71,23.7,36.71,127.43,11.2
20190118,22.46,30.48,81.0,17.8,102.2,22.0,19.14,18.2,24.08,54.32,24.27,36.71,129.16,11.25
20190121,22.73,31.05,80.8,18.93,102.4,21.39,19.24,19.45,24.51,55.31,24.55,37.15,128.97,11.7
20190122,22.69,30.76,80.1,18.57,102.4,21.62,19.63,19.55,24.46,54.71,24.55,37.01,129.16,11.75
20190123,23.12,30.76,78.0,18.66,102.6,21.67,19.63,19.95,24.36,54.91,24.97,37.01,129.65,12.15
20190124,22.96,31.24,78.0,19.11,102.8,21.39,19.53,20.45,24.46,54.91,24.83,37.1,130.61,12.2
20190125,22.85,31.24,78.3,19.06,102.9,20.77,19.63,20.2,25.08,55.31,24.93,37.06,131.0,12.3
20190211,22.23,32.85,80.2,19.88,104.0,21.39,19.53,20.7,25.75,57.59,24.79,38.59,132.06,12.95
20190212,22.69,33.09,82.3,19.83,109.1,21.43,19.53,20.85,25.99,58.08,24.88,38.37,133.02,13.0
20190213,23.77,33.18,85.9,19.83,109.0,22.24,19.53,20.85,26.04,59.27,25.97,38.94,133.31,13.0
20190214,23.85,33.13,86.0,19.92,112.9,22.1,20.41,20.85,25.94,59.67,25.63,38.67,134.37,12.95
20190215,24.31,33.32,84.7,19.88,112.0,21.81,20.66,20.8,25.7,58.78,25.49,38.63,135.14,13.0
20190218,24.73,34.13,85.4,19.92,113.7,21.53,20.41,20.9,25.94,59.47,25.78,38.81,136.88,13.1
20190219,24.38,33.7,86.5,19.79,116.0,21.72,20.07,20.5,26.09,58.48,25.82,38.81,137.45,12.8
20190220,24.77,33.61,86.0,19.88,116.5,21.72,19.73,20.6,26.33,58.58,25.92,39.2,137.84,12.9
20190221,25.15,33.75,89.7,19.92,118.4,20.77,19.97,20.4,26.71,59.57,26.06,39.16,143.14,13.0
20190222,26.08,33.7,88.4,20.28,117.0,19.82,19.58,21.1,27.04,61.45,25.92,39.51,143.53,13.05
20190225,26.77,33.8,91.2,20.24,116.3,19.92,19.34,21.3,27.38,62.84,25.97,39.77,146.13,12.9
20190226,26.54,34.1,90.0,19.88,115.5,19.77,19.73,21.35,27.28,62.44,26.3,39.51,140.83,12.8
20190227,26.46,34.0,89.9,19.88,117.4,19.82,19.53,21.15,27.04,61.35,26.67,39.42,142.37,12.7
20190228,25.85,33.05,88.9,19.38,114.0,19.82,19.29,20.8,26.71,59.97,25.97,38.63,136.01,12.3
20190301,26.35,33.05,89.0,19.65,115.1,19.87,19.24,20.8,27.0,61.65,26.15,38.98,136.3,12.65
20190304,27.19,33.1,89.5,19.97,117.4,19.87,19.34,21.2,27.67,62.25,26.53,39.33,137.74,12.75
20190305,26.96,33.75,89.4,19.97,117.3,20.21,19.04,21.25,27.57,62.44,26.15,39.24,136.88,12.7
20190306,26.92,34.5,90.0,19.97,117.7,20.31,18.65,21.3,27.57,62.15,26.01,38.98,135.91,12.65
20190307,26.23,34.05,90.0,20.01,119.2,20.02,18.41,21.5,27.52,62.54,26.2,39.11,134.66,12.8
20190308,26.12,33.9,89.8,19.7,118.1,19.82,18.36,21.2,27.24,62.25,25.78,39.02,132.06,12.6
20190311,26.0,33.6,89.6,19.65,118.3,19.82,18.65,21.1,27.38,62.05,25.87,38.89,132.63,12.55
20190312,26.04,34.7,88.5,20.33,118.6,20.16,18.85,22.1,27.57,64.23,26.15,40.64,133.98,12.7
20190313,26.42,34.5,89.0,20.37,117.5,19.92,18.75,22.55,28.14,64.62,26.58,40.38,133.31,12.8
20190314,26.31,34.5,88.6,20.28,118.8,19.82,18.51,22.5,28.19,66.41,26.82,40.42,132.25,13.0
20190315,24.54,34.0,86.5,20.28,118.7,19.58,18.61,22.7,28.24,65.42,26.67,40.2,132.06,12.95
20190318,24.5,33.4,86.8,20.51,121.3,19.87,18.31,23.4,27.95,67.0,26.63,40.38,133.02,12.85
20190319,24.54,32.8,87.0,20.42,121.0,19.48,18.26,23.1,27.67,66.21,26.3,39.94,131.96,12.7
20190320,24.85,33.4,85.0,20.69,120.2,19.63,18.17,23.0,27.33,66.11,26.15,39.72,133.5,12.8
20190321,24.62,32.5,85.0,20.55,117.0,19.43,17.78,22.1,26.13,66.01,25.68,39.42,131.09,12.5
20190322,24.58,32.75,84.5,20.64,118.6,19.43,17.78,22.5,26.33,66.31,25.45,39.37,131.57,12.55
20190325,24.15,31.55,82.2,19.97,115.2,19.24,17.78,22.15,25.66,64.92,24.79,38.81,131.57,12.25
20190326,24.31,31.55,83.1,19.97,113.7,19.29,17.78,22.35,25.94,64.92,24.74,39.11,131.57,12.3
20190327,24.88,31.7,85.0,20.19,113.9,19.24,17.87,22.5,25.94,64.92,24.88,39.33,131.57,12.35
20190328,24.96,32.0,85.0,20.19,115.9,18.71,17.92,22.65,25.9,66.11,24.83,39.46,130.32,12.15
20190329,24.77,31.85,84.3,20.19,115.9,19.05,17.92,22.45,26.04,66.71,25.02,39.77,129.94,12.2
20190401,24.58,31.6,88.0,20.19,116.5,19.0,17.82,22.25,26.52,67.2,24.97,40.03,133.6,12.4
20190402,24.69,31.8,88.1,20.24,116.3,18.71,17.82,22.0,26.52,66.9,25.02,40.2,133.98,12.2
20190403,24.69,31.55,87.7,20.28,114.9,18.66,17.82,21.8,26.18,66.61,24.88,41.25,133.5,12.25
20190404,24.92,31.75,87.8,20.42,115.1,18.27,17.82,22.0,26.13,67.1,24.93,41.78,133.02,12.3
20190405,25.0,32.35,88.3,20.51,115.1,18.07,18.41,21.9,26.33,67.5,25.49,41.78,131.38,12.25
20190408,24.92,32.55,88.3,20.69,115.5,18.41,18.56,22.3,26.61,69.09,25.21,41.78,132.25,12.25
20190409,24.69,32.3,87.5,20.6,113.0,18.07,18.17,22.15,26.8,69.18,24.97,41.34,130.51,12.25
20190410,24.58,31.8,86.7,20.32,111.8,17.69,17.82,21.9,26.28,68.29,24.79,40.99,130.42,12.1
20190411,24.58,31.8,87.7,20.37,115.0,17.69,18.07,21.95,26.09,67.9,24.79,41.08,130.71,12.05
20190412,24.65,31.8,87.8,20.28,113.2,17.78,18.07,21.85,25.85,67.4,24.55,42.13,130.8,12.1
20190416,24.42,31.65,87.8,19.91,113.1,17.59,18.07,21.55,25.61,66.81,24.55,41.86,131.09,12.05
20190417,24.31,31.65,88.0,19.91,110.0,17.54,17.97,21.45,25.42,67.4,24.5,42.39,130.13,11.9
20190418,24.08,31.35,86.0,19.95,109.0,17.05,17.87,21.0,24.89,67.3,24.41,42.39,130.32,11.75
20190419,24.31,31.4,87.6,20.0,110.1,17.05,17.82,20.8,24.89,67.4,24.45,42.35,128.2,11.75
20190422,24.5,31.0,87.9,19.81,111.9,16.57,17.82,20.5,24.12,67.3,24.03,41.86,124.92,11.55
20190423,24.54,31.0,87.9,19.72,113.0,17.2,17.68,20.85,24.08,66.9,24.03,41.86,122.42,12.05
20190424,25.65,31.35,88.0,19.91,113.8,17.49,17.82,21.4,24.6,67.9,24.27,42.43,124.83,12.05
20190425,25.46,31.5,87.4,19.91,113.6,17.54,17.82,21.05,24.41,67.1,24.36,42.65,124.83,11.85
20190426,25.85,31.8,86.9,20.19,113.7,17.49,17.78,21.25,24.7,67.3,24.45,43.31,125.12,11.95
20190502,26.15,32.0,88.5,20.28,113.6,17.54,17.87,21.0,24.51,66.31,24.5,43.57,125.31,11.9
20190503,26.27,31.95,88.6,20.46,112.5,17.64,17.68,20.9,24.79,66.11,24.74,43.7,126.27,12.35
20190506,25.73,31.0,87.0,19.91,112.2,17.2,17.29,20.45,24.12,65.72,24.27,42.61,124.44,12.05
20190507,25.77,30.95,87.9,19.86,112.6,17.49,17.29,20.4,23.84,65.02,24.41,43.44,124.83,12.1
20190508,25.5,31.6,87.8,19.72,112.6,17.01,17.29,20.45,23.65,64.53,24.69,43.39,123.38,12.15
20190509,25.31,31.9,87.7,19.44,112.6,17.1,17.24,20.1,23.55,64.92,24.55,42.48,123.57,11.9
20190510,25.27,32.1,87.5,19.35,112.7,17.39,17.24,20.3,23.98,65.02,24.6,42.83,125.4,12.0
20190513,24.65,32.5,86.7,19.68,112.9,17.2,17.24,20.45,24.12,65.32,24.79,43.26,129.07,11.95
20190514,24.92,32.95,86.5,19.72,113.5,17.15,17.24,20.55,23.98,66.01,24.88,43.88,130.61,11.9
20190515,24.92,33.0,87.8,19.86,115.3,17.39,17.19,21.15,24.65,66.21,24.83,44.05,130.71,12.05
20190516,24.85,32.9,87.0,19.72,116.9,17.35,17.24,21.1,24.46,66.21,24.55,43.39,131.48,12.0
20190517,24.81,32.8,86.5,19.63,116.9,17.05,17.43,21.2,24.6,66.21,25.49,43.61,130.71,11.95
20190520,25.23,33.55,88.0,19.58,117.5,17.05,17.87,21.35,24.99,67.2,25.68,44.4,132.54,11.95
20190521,25.31,33.35,91.3,19.72,117.5,17.15,17.82,21.25,24.94,67.1,25.4,45.04,128.68,12.05
20190522,25.38,32.95,90.0,19.95,117.5,17.05,17.78,21.55,24.94,66.61,25.45,44.4,127.33,12.05
20190523,25.19,33.05,90.0,20.05,117.0,18.03,17.58,21.5,24.94,67.0,25.45,44.84,127.33,12.0
20190524,24.73,32.9,87.2,19.77,115.0,18.03,17.48,21.2,24.46,65.91,25.73,44.74,125.79,11.8
20190527,24.77,32.6,88.4,19.72,115.0,18.07,17.63,21.2,24.27,66.81,25.49,44.4,129.16,11.8
20190528,24.65,32.45,87.0,19.77,114.0,17.73,17.58,21.0,24.12,66.81,25.59,44.01,127.24,11.8
20190529,25.0,32.55,87.3,19.63,115.2,18.03,17.38,20.65,23.98,66.9,25.3,43.27,128.1,11.75
20190530,24.62,33.0,85.5,19.58,115.0,17.73,17.58,20.65,24.03,67.1,25.21,43.71,126.75,11.8
20190531,24.69,32.5,85.8,19.31,114.6,17.35,17.63,20.3,23.79,66.61,24.64,43.27,124.83,11.75
20190603,24.23,31.5,85.0,18.84,114.5,17.49,17.38,19.9,23.69,65.91,24.36,42.68,123.38,11.6
20190604,24.3,31.95,85.0,18.84,114.6,17.35,17.38,20.0,23.74,66.61,24.41,42.48,123.96,11.6
20190605,23.8,32.0,85.0,18.75,115.9,17.69,17.43,20.1,23.79,66.11,24.5,42.78,124.35,11.65
20190606,22.7,32.0,85.2,18.7,115.9,17.49,17.38,20.3,23.65,65.32,24.83,43.66,123.37,11.55
20190607,22.95,32.6,86.0,19.03,117.0,17.54,17.38,20.45,23.98,65.02,24.97,44.35,123.47,11.75
20190610,22.9,32.35,86.7,19.07,117.6,17.69,17.34,20.5,24.12,66.11,24.69,44.25,123.76,11.8
20190611,23.0,32.7,86.0,19.17,117.0,17.3,16.31,20.5,24.12,66.81,24.69,44.35,122.4,11.7
20190612,23.1,32.2,85.0,19.07,116.0,17.2,16.8,20.25,23.79,66.41,24.55,44.2,122.11,11.65
20190613,23.0,32.05,84.5,19.07,115.5,17.35,16.75,20.15,23.74,66.71,24.55,43.71,120.16,11.6
20190614,22.95,31.85,84.2,19.17,115.5,17.15,16.8,20.3,23.74,68.59,24.5,43.56,120.64,11.65
20190617,22.45,31.55,83.5,19.17,114.5,16.5,16.8,20.45,23.55,68.59,24.5,43.22,120.64,11.45
20190618,23.05,31.6,82.0,19.07,114.0,16.55,16.8,20.25,23.41,69.68,24.45,43.22,119.96,11.2
20190619,23.85,31.85,82.8,19.12,115.9,16.25,16.8,20.25,23.74,69.18,24.45,43.81,120.35,11.3
20190620,23.6,32.15,82.5,19.72,116.0,16.3,16.75,21.0,24.03,70.87,24.6,44.54,120.25,11.5
20190621,23.7,32.25,84.0,19.72,114.5,16.0,16.7,21.4,24.03,70.37,24.69,44.54,122.4,11.45
20190624,23.35,32.15,84.1,19.72,116.4,16.3,16.75,21.4,23.84,72.36,24.69,44.3,120.06,11.7
20190625,23.1,31.75,84.0,19.54,116.4,16.1,16.75,21.05,23.79,71.76,24.5,45.62,120.35,11.65
20190626,22.9,32.0,85.5,19.31,116.9,15.65,16.75,20.9,23.74,69.88,24.93,45.28,120.45,11.5
20190627,22.55,31.65,82.0,19.07,114.9,15.0,16.7,20.65,23.55,68.89,24.55,44.54,120.06,11.3
20190628,23.5,31.75,83.0,19.35,115.7,15.15,16.8,19.5,23.74,69.88,24.55,44.64,119.96,11.35
20190701,23.0,32.0,85.6,19.58,117.2,15.8,16.85,20.85,23.93,70.67,24.93,46.21,121.91,11.55
20190702,22.6,32.2,84.6,19.58,115.8,15.55,16.8,20.8,23.69,69.88,25.12,46.02,122.01,11.45
20190703,22.15,33.05,84.5,19.44,115.4,15.25,16.75,21.05,23.79,68.99,25.59,45.92,122.89,11.35
20190704,22.3,33.35,85.2,19.58,116.5,15.6,16.75,21.15,24.12,71.86,25.59,46.07,123.08,11.45
20190705,22.3,33.35,85.0,19.72,116.7,15.45,16.75,21.15,24.27,71.96,25.63,45.72,123.08,11.4
20190708,21.75,33.5,84.5,19.54,116.0,15.45,16.75,20.9,24.03,70.67,25.21,45.43,121.13,11.4
20190709,21.35,33.55,84.2,19.63,116.0,15.5,17.0,20.95,23.98,71.27,25.26,45.87,121.91,11.35
20190710,21.35,34.15,84.2,19.54,116.8,15.65,17.0,21.0,23.84,71.86,25.49,46.16,121.91,11.45
20190711,21.55,33.8,82.5,19.81,116.5,15.5,17.05,21.55,24.03,73.35,25.49,46.11,122.11,11.5
20190712,21.9,33.7,81.5,19.77,116.0,15.45,17.0,21.45,23.98,73.05,25.35,46.11,120.94,11.4
20190715,21.45,34.0,79.9,19.86,114.2,15.35,17.0,21.5,23.93,74.34,25.68,46.41,120.16,11.35
20190716,21.6,33.65,80.4,20.14,115.9,15.35,17.0,21.7,23.93,76.52,25.78,46.41,120.94,11.4
20190717,21.35,33.5,79.8,20.46,115.5,15.3,16.9,21.9,24.7,75.53,25.54,46.16,122.3,11.55
20190718,20.95,33.3,75.8,20.56,114.8,15.2,16.8,21.65,24.46,75.73,25.3,45.92,121.52,11.55
20190719,20.6,33.05,77.7,20.56,116.0,15.15,16.7,21.85,24.51,78.3,25.35,47.29,123.76,11.7
20190722,20.75,32.85,79.2,20.56,116.5,15.15,16.6,21.6,23.98,78.3,25.12,47.44,122.4,11.5
20190723,21.7,33.6,79.6,21.02,119.8,15.1,16.45,21.65,24.03,78.2,25.21,47.88,122.3,11.5
20190724,21.55,33.35,80.7,20.93,122.0,15.0,16.45,21.25,23.65,76.22,25.07,47.68,122.5,11.35
20190725,22.4,33.25,80.8,20.74,123.2,14.9,16.35,21.25,23.31,77.01,25.07,47.73,122.01,11.2
20190726,22.55,32.75,80.9,20.69,122.1,14.7,16.25,21.2,23.36,77.81,25.16,47.88,121.42,11.15
20190729,22.1,32.6,81.0,20.79,124.4,14.9,16.45,20.9,23.07,80.29,25.02,47.68,120.45,10.95
20190730,21.5,32.6,79.9,20.23,122.5,14.5,16.55,20.7,22.35,79.89,24.93,46.9,120.45,10.85
20190731,22.55,32.75,80.0,20.56,122.0,14.4,16.65,20.75,22.21,79.49,24.64,47.49,120.16,10.7
20190801,22.6,33.3,80.1,20.37,124.4,14.35,16.75,20.4,22.31,79.79,24.27,47.44,121.13,10.5
20190802,22.45,33.0,79.0,20.32,122.5,14.0,16.8,20.35,22.07,78.4,24.55,47.88,120.94,10.6
20190805,22.15,32.5,76.8,20.19,118.0,13.65,16.7,20.35,21.35,76.72,24.55,48.08,118.98,10.45
20190806,21.75,32.05,75.0,19.77,119.8,13.65,16.55,20.2,20.73,75.63,25.07,48.03,117.23,10.45
20190807,22.1,31.9,74.8,19.72,118.0,13.55,16.3,20.2,20.29,77.71,24.97,48.81,118.01,10.4
20190808,23.3,34.0,74.8,20.0,122.0,13.75,16.2,20.45,20.29,77.81,26.44,49.35,117.91,10.45
20190809,23.1,34.4,76.1,19.86,120.2,14.05,16.0,20.5,21.06,77.81,26.15,50.14,118.01,10.35
20190812,23.6,34.8,76.0,20.28,120.0,14.4,16.0,20.35,21.2,77.01,26.11,51.31,117.62,10.35
20190813,23.45,36.0,75.6,20.56,118.1,14.0,16.0,20.6,20.92,75.63,25.68,51.51,115.08,10.2
20190814,23.45,35.9,75.6,20.65,118.6,13.85,15.8,20.5,20.87,75.63,25.49,52.2,115.77,10.15
20190815,23.25,36.55,76.1,20.65,121.0,13.85,16.1,20.4,20.92,78.3,26.39,53.0,118.98,10.35
20190816,23.05,37.55,77.0,20.74,122.0,13.8,16.0,20.5,21.3,77.21,26.91,52.0,121.03,10.3
20190819,23.05,37.5,77.1,20.42,121.9,13.75,16.1,20.5,21.25,76.12,26.91,52.4,121.81,10.25
20190820,22.9,37.0,76.2,20.51,121.0,13.75,16.2,20.6,21.16,76.22,27.38,54.0,121.33,10.3
20190821,23.2,37.2,77.0,20.83,122.4,13.65,16.2,20.75,21.54,79.29,27.05,53.6,120.84,10.25
20190822,23.05,36.7,78.0,20.88,126.1,13.65,16.15,20.6,21.44,79.29,26.58,53.0,120.94,10.3
20190823,23.4,36.3,77.0,20.97,125.0,13.85,16.15,20.5,21.35,78.5,26.63,54.4,119.96,10.7
20190826,22.8,36.3,76.0,21.57,124.8,13.6,16.0,20.3,20.68,77.11,26.72,53.7,117.52,10.55
20190827,22.4,36.5,75.0,21.57,122.5,13.45,15.9,20.3,20.49,75.83,26.34,52.8,116.06,10.45
20190828,22.25,36.4,74.8,21.62,122.0,13.25,15.9,20.25,20.44,76.32,26.34,52.1,116.45,10.35
20190829,22.15,36.35,75.0,21.62,122.5,13.45,15.9,20.2,20.25,76.12,26.63,52.7,119.96,10.35
20190830,22.2,36.65,75.4,21.39,123.5,13.7,16.5,20.2,20.58,77.01,27.0,53.1,119.96,10.4
20190903,21.65,36.9,74.0,21.11,123.0,13.65,16.5,19.95,20.53,77.11,26.77,53.7,120.94,10.2
20190904,21.6,36.0,75.0,21.3,122.4,13.65,16.65,20.0,20.49,76.62,26.72,53.2,120.74,10.15
20190905,21.7,35.3,74.5,20.93,122.0,13.5,16.8,19.95,20.39,76.92,26.63,52.6,118.98,10.15
20190906,21.4,35.55,74.0,20.93,121.1,13.35,16.85,19.9,20.2,76.62,26.63,52.9,119.76,10.15
20190909,21.2,35.25,74.0,20.93,122.6,13.35,16.85,19.95,20.01,76.52,26.25,53.8,121.42,10.1
20190910,21.3,35.0,76.1,20.88,122.0,13.2,16.85,19.75,19.82,77.01,25.35,54.0,120.64,10.05
20190911,22.05,36.1,78.0,20.97,121.5,12.75,16.85,19.8,19.86,77.51,25.12,54.1,119.08,10.05
20190912,22.55,37.15,76.8,21.39,121.5,12.95,17.1,20.15,19.96,78.8,25.59,56.5,118.98,10.15
20190913,22.6,37.1,76.5,21.57,122.4,13.0,17.5,20.85,20.44,81.18,25.59,56.8,119.08,10.35
20190916,22.65,36.6,77.8,21.67,122.8,13.05,17.95,20.75,20.53,80.29,25.59,57.7,120.48,10.35
20190917,22.7,36.7,79.5,21.57,122.8,13.0,18.0,20.75,20.73,80.38,25.59,57.6,121.47,10.2
20190918,23.0,37.2,80.9,21.85,122.2,13.2,17.9,20.8,20.68,79.89,25.82,56.4,122.66,10.2
20190919,22.95,37.2,80.2,22.0,121.5,13.15,17.85,21.25,20.82,80.78,25.78,57.8,122.56,10.55
20190920,22.65,38.8,80.2,22.05,119.4,13.3,17.95,21.1,20.53,80.29,25.92,58.2,121.07,10.35
20190923,22.0,38.0,80.0,22.05,119.0,13.15,17.9,21.0,20.44,78.3,25.87,56.5,123.45,10.55
20190924,22.15,38.15,79.0,22.15,120.1,13.05,17.95,20.75,20.73,79.89,26.11,56.2,125.83,10.5
20190925,21.9,39.5,79.0,22.15,119.7,13.05,17.95,20.8,20.73,79.99,26.39,57.4,125.33,10.6
20190926,22.25,39.65,78.5,22.6,119.0,13.6,18.0,21.15,21.68,80.29,26.34,57.7,128.9,10.7
20190927,22.15,39.0,79.4,22.7,119.8,13.55,17.95,21.15,22.21,82.17,26.15,58.5,129.0,10.65
20190930,21.95,38.15,78.5,22.8,119.8,13.35,17.85,21.15,22.02,81.38,25.87,57.7,128.61,10.55
20191001,21.9,39.2,78.8,23.05,119.9,13.55,17.8,21.3,22.16,82.66,25.97,58.5,126.92,10.5
20191002,21.75,38.05,77.0,23.0,118.0,13.3,17.85,21.0,22.4,81.28,25.87,57.2,125.93,10.4
20191003,21.55,38.6,78.0,22.95,118.0,13.45,17.75,21.0,22.4,81.28,26.15,57.2,127.91,10.5
20191004,21.35,37.4,77.4,22.65,118.0,14.15,17.75,20.6,21.6,82.27,25.92,56.8,127.52,10.4
20191007,21.3,37.0,76.5,22.4,117.0,14.2,17.8,20.55,21.1,82.07,25.49,55.5,128.01,10.5
20191008,21.9,38.0,76.9,22.7,117.1,14.6,17.9,20.75,21.4,84.35,25.12,56.1,127.91,11.0
20191009,21.9,38.5,77.0,22.9,117.0,14.75,17.9,21.3,21.3,83.75,24.93,56.4,125.93,10.9
20191010,21.5,37.8,77.0,22.75,116.9,14.45,17.95,21.15,21.3,83.85,25.02,56.4,125.93,10.8
20191011,21.5,37.8,77.0,22.75,118.0,14.45,18.0,21.15,21.3,84.55,25.26,56.5,126.92,11.0
20191014,21.45,38.0,76.6,23.45,118.0,14.6,18.7,21.7,21.75,84.25,25.12,57.7,127.52,11.1
20191015,21.35,37.7,78.2,23.35,118.4,15.3,18.8,21.7,21.6,84.45,24.93,57.4,127.22,11.05
20191016,21.3,37.05,77.8,23.3,118.0,15.1,18.75,21.9,21.55,85.34,24.93,57.5,129.3,11.05
20191017,21.4,36.5,77.0,23.2,117.0,14.8,18.7,21.9,21.35,84.45,24.83,56.7,129.9,10.9
20191018,21.4,36.75,76.0,23.0,117.0,14.95,18.7,21.6,21.1,84.25,24.93,57.1,131.38,10.8
20191021,21.2,36.7,75.0,22.65,116.9,14.65,18.65,21.25,20.8,83.46,25.02,56.5,132.47,10.95
20191022,21.6,36.05,74.4,22.85,116.8,14.1,18.35,21.6,20.9,84.65,25.21,56.3,131.38,11.0
20191023,21.85,36.3,75.8,22.9,117.1,14.4,18.6,21.45,20.8,84.55,25.87,56.4,131.18,11.0
20191024,22.0,36.7,75.6,22.95,117.2,14.35,18.65,21.5,21.3,86.13,25.68,58.2,131.48,10.95
20191025,21.8,37.0,74.6,23.2,117.2,14.05,18.7,22.0,21.3,87.22,25.87,58.0,133.37,10.9
20191028,22.2,36.6,74.5,23.0,117.7,14.0,19.0,22.0,21.25,86.63,25.49,58.1,132.67,10.85
20191029,22.2,37.95,74.0,22.85,117.8,14.2,18.9,22.05,21.15,85.64,25.4,57.9,132.97,10.65
20191030,22.0,37.7,74.0,23.05,119.6,14.0,18.9,22.15,21.35,87.03,25.4,57.8,130.89,10.7
20191031,21.8,37.5,74.2,23.0,119.0,13.65,18.75,22.0,21.35,86.93,25.21,57.9,128.9,10.8
20191101,21.9,37.65,75.7,22.95,122.5,13.9,18.75,22.3,21.5,88.02,25.21,58.5,131.28,10.9
20191104,21.75,38.3,76.3,23.3,121.7,13.65,18.1,22.45,21.75,91.19,25.4,59.9,130.19,10.9
20191105,21.9,37.9,76.0,23.25,121.5,13.65,18.3,22.4,21.8,90.0,25.9,59.8,128.11,10.95
20191106,22.0,37.9,76.0,23.55,121.9,13.75,18.45,22.3,21.7,90.2,25.55,59.5,129.0,11.0
20191107,22.7,38.5,76.5,23.5,120.8,13.8,18.9,22.25,22.05,90.49,25.5,59.5,128.01,10.9
20191108,22.7,38.1,76.8,23.4,120.5,13.75,18.95,22.3,22.05,90.69,25.35,59.6,128.11,10.85
20191111,22.8,37.65,74.5,23.45,118.9,13.7,18.9,21.95,21.7,90.49,25.2,60.0,128.21,10.8
20191112,23.0,37.6,75.0,23.3,119.4,14.2,18.9,22.0,21.65,90.89,25.1,61.0,126.43,10.75
20191113,22.65,37.6,74.3,23.25,119.0,14.0,18.9,21.85,21.65,89.7,25.05,60.5,124.44,10.8
20191114,22.65,36.85,75.2,22.95,119.3,14.05,18.8,21.6,21.45,90.1,24.95,58.3,124.84,10.7
20191115,22.65,37.1,74.5,22.75,119.6,14.0,18.8,21.7,21.1,88.91,25.0,58.6,121.96,10.7
20191118,22.9,37.35,74.4,22.6,118.1,13.95,18.8,21.4,21.0,86.83,24.95,57.5,119.78,10.6
20191119,22.8,38.0,74.0,22.75,117.1,13.7,18.8,21.5,21.1,90.2,25.0,58.3,123.35,10.6
20191120,22.4,37.7,73.6,22.6,116.0,13.7,18.7,21.3,20.9,88.71,24.8,56.8,122.95,10.4
20191121,22.0,37.25,71.5,22.4,115.3,13.05,18.6,21.3,20.4,86.73,24.5,56.0,120.97,10.2
20191122,22.1,36.7,70.5,22.35,116.2,13.15,18.2,21.1,20.1,84.75,24.0,56.0,120.48,10.25
20191125,22.25,36.3,71.5,22.4,116.0,13.25,18.2,21.15,20.25,83.75,24.0,56.6,121.86,10.15
20191126,22.65,36.5,71.5,22.65,115.2,12.8,18.5,21.2,20.0,83.95,24.2,57.1,121.96,10.15
20191127,22.6,36.25,71.0,22.6,115.6,13.05,18.7,21.05,19.85,85.54,24.0,57.0,121.07,10.1
20191128,22.6,35.9,69.5,22.1,115.7,12.9,18.7,20.45,19.85,84.55,23.85,56.0,121.07,10.1
20191129,22.85,36.15,70.0,22.15,115.7,12.95,18.7,20.45,19.8,84.55,23.75,56.4,120.48,10.1
20191202,22.95,35.8,69.0,21.4,115.0,12.8,18.55,19.8,19.5,82.76,23.5,54.6,117.3,10.0
20191203,23.45,35.7,64.2,21.55,115.0,12.8,18.5,19.6,19.3,81.28,23.35,54.5,115.42,9.75
20191204,23.45,36.3,62.5,22.2,115.5,12.8,18.55,20.45,19.8,83.95,23.5,55.4,117.8,10.1
20191205,23.1,36.0,62.0,21.85,115.8,12.8,18.6,20.1,19.6,84.05,23.3,54.9,116.81,10.05
20191206,23.85,36.0,62.5,21.85,115.9,13.1,18.65,20.3,19.5,84.15,22.8,55.0,115.32,10.0
20191209,24.2,36.25,60.5,21.45,115.9,13.4,18.65,20.15,19.6,84.45,23.0,55.3,117.1,9.95
20191210,24.4,36.6,56.6,21.1,115.9,13.1,18.6,20.05,19.2,84.65,22.9,55.5,117.2,10.05
20191211,24.4,36.8,55.7,21.8,115.9,13.2,18.6,19.85,19.0,85.14,22.9,56.5,117.6,10.05
20191212,24.2,36.85,58.5,21.8,116.0,13.2,18.55,20.15,19.4,86.73,23.1,57.0,118.2,10.1
20191213,23.8,36.5,58.0,21.8,116.0,13.3,18.5,20.6,19.2,87.62,23.6,57.1,117.01,10.05
20191216,23.75,36.6,56.7,21.4,115.8,13.5,18.55,20.3,19.05,85.24,23.9,56.5,117.7,10.05
20191217,23.15,36.0,56.1,21.05,115.8,13.45,18.55,20.25,18.65,84.55,23.5,55.4,116.11,10.05
20191218,22.55,35.9,56.4,21.0,115.8,13.2,18.25,20.15,18.4,85.94,23.55,55.5,117.6,9.94
20191219,22.8,35.8,55.6,20.7,115.8,12.9,18.0,20.15,18.1,87.22,23.8,55.8,118.69,9.93
20191220,23.0,35.8,55.0,21.0,115.8,12.95,18.4,20.35,18.3,87.52,23.85,56.5,118.99,10.0
20191223,23.05,35.5,51.6,21.05,115.7,13.0,18.4,20.55,18.35,90.1,24.3,56.1,117.01,10.2
20191224,23.2,35.9,54.5,20.75,115.5,13.45,18.45,20.6,18.35,89.21,23.95,56.4,117.6,10.1
20191225,23.15,35.6,55.7,21.0,115.5,13.4,18.4,20.6,18.2,89.11,23.95,57.5,117.01,10.1
20191226,23.0,35.5,57.0,20.85,115.4,13.35,18.5,20.6,18.25,88.61,23.5,57.4,117.0,10.1
20191227,23.55,35.9,56.9,20.9,115.2,13.2,18.5,20.65,18.1,89.7,23.5,57.6,118.2,10.15
20191230,23.65,36.65,57.1,20.95,115.0,13.05,18.5,21.05,18.15,91.0,23.3,58.6,116.5,10.1
20191231,23.5,36.3,56.5,20.8,115.0,12.95,18.5,20.9,18.05,90.2,23.3,58.3,116.5,10.05
20200102,24.0,36.95,57.0,21.2,115.0,12.95,18.6,21.5,18.4,90.8,23.2,58.6,117.9,10.2
20200103,24.15,36.5,57.5,21.25,115.3,12.8,18.6,21.3,18.25,89.9,22.75,57.6,118.3,10.2
20200106,24.0,36.45,56.6,20.95,114.5,12.7,18.6,21.35,18.2,87.5,22.25,57.0,117.4,10.05
20200107,23.7,36.65,56.8,21.0,114.7,12.55,18.7,21.7,18.25,87.8,21.75,58.1,118.5,10.15
20200108,23.45,35.7,56.0,20.7,114.3,12.5,18.6,21.65,17.75,87.0,21.0,56.8,118.8,9.98
20200109,24.0,35.7,57.0,21.05,114.7,13.0,18.7,22.45,17.95,88.7,21.7,57.6,118.6,10.15
20200110,24.2,35.7,56.5,21.4,114.8,12.75,18.7,23.55,18.3,89.5,22.0,57.5,118.9,10.5
20200113,24.25,35.75,57.0,21.3,114.9,12.9,18.7,23.2,18.3,89.4,21.5,57.1,117.4,10.4
20200114,25.0,35.8,56.6,21.5,115.0,12.8,18.65,23.5,18.4,89.4,21.5,57.0,117.8,10.3
20200115,25.15,35.55,56.5,21.45,115.0,12.75,18.7,23.6,18.4,89.3,21.35,57.0,117.8,10.25
20200116,25.3,36.4,56.2,22.0,115.0,12.5,18.6,24.9,19.1,89.5,21.2,58.0,118.2,10.4
20200117,25.0,36.5,55.0,22.0,114.9,12.5,18.5,24.95,19.25,94.5,21.4,57.6,118.6,10.6
20200120,25.5,36.75,54.3,22.0,114.9,12.6,18.5,25.1,19.25,94.0,21.3,57.4,119.0,10.7
20200121,25.85,37.3,54.5,22.55,114.9,12.65,18.45,25.3,19.25,94.0,21.4,55.5,121.0,10.9
20200122,26.3,37.0,53.4,22.4,114.9,12.6,18.6,25.6,19.3,93.4,21.55,56.5,121.3,10.9
20200130,25.3,35.8,50.1,21.25,114.9,12.45,18.6,24.35,18.5,88.9,20.5,54.7,116.6,10.35
20200131,24.1,33.9,50.1,20.8,114.8,11.6,18.55,24.4,17.7,88.7,19.1,52.0,108.5,10.2
